name,overall,team_position,pace,shooting,passing,dribbling,defending,physic,gk_diving,gk_handling,gk_kicking,gk_reflexes,gk_speed,gk_positioning,attacking_crossing,attacking_finishing,attacking_heading_accuracy,attacking_short_passing,attacking_volleys,skill_dribbling,skill_curve,skill_fk_accuracy,skill_long_passing,skill_ball_control,movement_acceleration,movement_sprint_speed,movement_agility,movement_reactions,movement_balance,power_shot_power,power_jumping,power_stamina,power_strength,power_long_shots,mentality_aggression,mentality_interceptions,mentality_positioning,mentality_vision,mentality_penalties,mentality_composure,defending_marking,defending_standing_tackle,defending_sliding_tackle,goalkeeping_diving,goalkeeping_handling,goalkeeping_kicking,goalkeeping_positioning,goalkeeping_reflexes
Messi,93,CAM,85,92,91,95,38,65,,,,,,,85,95,70,91,88,96,93,94,91,96,91,80,91,94,95,86,68,72,69,94,44,40,93,95,75,96,,35,24,6,11,15,14,8
Cristiano Ronaldo,92,LS,89,93,81,89,35,77,,,,,,,84,95,90,82,86,88,81,76,77,92,87,91,87,95,71,94,95,84,78,93,63,29,95,82,84,95,,32,24,7,11,15,14,11
Oblak,91,GK,,,,,,,87,92,78,90,52,90,13,11,15,43,13,12,13,14,40,30,43,60,67,88,49,59,78,41,78,12,34,19,11,65,11,68,,12,18,87,92,78,90,90
Lewandowski,91,ST,78,91,78,85,43,82,,,,,,,71,94,85,84,89,85,79,85,70,88,77,78,77,93,82,89,84,76,86,85,81,49,94,79,88,88,,42,19,15,6,12,8,10
Neymar Jr,91,LW,91,85,86,94,36,59,,,,,,,85,87,62,87,87,95,88,89,81,95,94,89,96,91,83,80,62,81,50,84,51,36,87,90,92,93,,30,29,9,9,15,15,11
K. De Bruyne,91,RCM,76,86,93,88,64,78,,,,,,,94,82,55,94,82,88,85,83,93,92,77,76,78,91,76,91,63,89,74,91,76,66,88,94,84,91,,65,53,15,13,5,10,13
K. Mbappe,90,LS,96,86,78,91,39,76,,,,,,,78,91,73,83,83,92,79,63,70,90,96,96,92,92,82,86,77,86,76,79,62,38,91,80,70,84,,34,32,13,5,7,11,6
Ter Stegen,90,GK,,,,,,,88,85,88,90,45,88,18,14,11,61,14,21,18,12,63,30,38,50,37,86,43,66,79,35,78,10,43,22,11,70,25,70,,13,10,88,85,88,88,90
Van Dijk,90,LCB,76,60,71,71,91,86,,,,,,,53,52,87,79,45,70,60,70,86,77,72,79,61,89,53,81,90,75,92,64,83,90,47,65,62,90,,93,86,13,10,13,11,11
Alisson,90,GK,,,,,,,86,88,85,89,51,91,17,13,19,45,20,27,19,18,44,30,56,47,40,88,37,64,52,32,78,14,27,11,13,66,23,65,,19,16,86,88,85,91,89
S. Mane,90,LW,94,85,80,90,44,76,,,,,,,76,90,84,85,75,91,76,64,71,89,95,93,93,93,86,84,86,88,70,78,75,35,92,85,71,84,,42,38,10,10,15,7,14
M. Salah,90,RW,93,86,81,90,45,75,,,,,,,79,91,59,84,79,90,83,69,75,89,94,92,91,92,91,80,69,85,75,84,63,55,91,84,83,90,,43,41,14,14,9,11,14
T. Courtois,89,GK,,,,,,,84,89,74,88,48,85,14,14,13,33,12,13,19,20,35,23,42,52,61,84,45,56,68,38,70,17,23,15,13,44,27,66,,18,16,84,89,74,85,88
S. Ageuro,89,SUB,78,90,77,88,33,73,,,,,,,70,94,78,83,86,88,83,73,64,89,79,78,84,92,91,89,78,78,74,84,65,24,94,83,75,91,,29,24,13,15,6,11,14
Sergio Ramos,89,LCB,71,70,76,73,88,85,,,,,,,66,65,92,82,69,65,74,76,83,83,72,70,78,92,66,79,93,81,85,64,90,88,73,71,92,88,,88,90,11,8,9,7,11
K. Benzema,89,CF,74,85,81,86,40,76,,,,,,,75,88,91,86,86,87,81,73,73,90,77,72,79,91,69,84,79,78,80,79,63,39,90,87,84,90,,24,18,13,11,5,5,7
M. Neuer,89,GK,,,,,,,87,87,91,89,57,86,15,13,25,55,11,30,14,11,59,46,54,60,51,86,35,68,77,43,80,16,29,30,12,70,47,70,,10,11,87,87,91,86,89
Casemiro,89,CDM,65,73,76,72,86,91,,,,,,,58,64,80,84,63,69,63,74,84,79,60,69,61,87,66,88,87,90,91,81,91,87,72,80,66,84,,88,87,13,14,16,12,12
Ederson,88,GK,,,,,,,86,82,93,88,63,86,20,14,14,57,18,23,15,20,59,40,64,63,60,87,48,70,66,41,78,18,38,27,20,70,17,70,,15,8,86,82,93,86,88
R. Sterling,88,LW,93,81,79,90,45,67,,,,,,,78,85,46,84,67,90,77,63,69,88,96,90,94,90,94,78,57,79,65,79,59,30,92,82,69,80,,53,47,15,12,12,15,9
J. Kimmich,88,RDM,71,72,86,84,81,79,,,,,,,91,66,72,87,67,83,85,61,86,85,77,66,84,88,84,78,79,95,67,84,89,82,80,84,44,85,,84,79,8,15,7,15,15
H. Kane,88,ST,68,91,80,80,47,83,,,,,,,75,94,85,81,85,80,80,68,83,84,66,69,69,90,73,91,79,84,84,86,81,35,93,83,90,91,,36,38,8,10,11,14,11
P. Dybala,88,RS,85,85,84,92,43,63,,,,,,,82,84,64,87,88,91,88,88,75,94,89,82,92,84,90,82,75,78,60,87,48,42,85,87,86,84,,48,40,5,4,4,5,8
S. Handanovic,88,GK,,,,,,,88,85,73,89,53,89,12,10,10,42,12,18,12,14,40,16,51,55,47,83,36,55,78,41,71,19,25,22,12,41,23,69,,10,13,88,85,73,89,89
T. Kroos,88,LCM,54,81,91,81,71,69,,,,,,,88,76,58,93,82,80,86,84,93,89,57,52,63,89,71,89,32,75,73,86,60,79,76,90,73,88,,73,60,10,11,13,7,10
E. Hazard,88,LW,88,82,83,92,35,66,,,,,,,77,82,61,85,83,93,83,79,81,91,91,86,92,86,93,82,56,82,63,78,54,41,85,86,87,90,,27,22,11,12,6,8,8
K. Koulibaly,88,LCB,75,28,55,68,89,86,,,,,,,30,22,84,74,14,69,28,28,63,74,73,77,52,85,41,55,82,70,94,15,87,87,35,52,33,82,,89,87,7,11,7,13,5
N. Kante,88,RDM,77,66,76,81,86,82,,,,,,,68,65,54,85,56,79,49,49,79,80,79,76,82,91,92,71,77,96,72,65,90,91,72,79,54,85,,90,85,15,12,10,7,10
J. Sancho,87,RS,83,74,81,91,37,64,,,,,,,83,81,38,88,83,92,81,48,68,91,86,81,91,87,90,70,51,77,67,63,44,39,83,87,60,84,,41,32,7,11,10,11,13
T. Alexander-Arnold,87,RB,80,66,87,80,80,71,,,,,,,93,56,69,85,62,77,88,85,89,87,77,83,74,83,74,80,66,88,62,74,74,82,76,84,55,81,,83,79,14,15,14,6,7
Bruno Fernandes,87,CAM,77,83,88,85,68,75,,,,,,,87,77,58,88,86,85,86,87,87,88,78,76,79,86,79,89,72,94,67,89,70,74,83,90,91,86,,67,55,12,14,15,8,14
A. Laporte,87,LCB,63,50,72,68,88,81,,,,,,,58,45,86,82,40,63,61,69,80,78,60,65,59,87,60,68,76,72,85,47,81,87,54,65,44,85,,89,88,10,11,5,14,5
Fabinho,87,CDM,67,69,79,77,85,83,,,,,,,75,63,75,85,47,76,71,53,83,82,66,68,66,84,65,81,75,88,81,70,86,87,70,79,90,84,,87,85,13,12,6,8,8
A. Robertson,87,LB,82,62,80,80,81,76,,,,,,,90,57,67,82,32,80,82,38,76,82,79,85,78,84,74,78,62,95,65,65,85,82,77,79,55,83,,84,81,11,8,10,7,14
Bernardo Silva,87,LCM,81,77,83,92,51,67,,,,,,,85,79,51,86,70,92,84,67,76,92,85,78,94,85,92,76,51,93,54,76,69,49,85,85,68,87,,59,40,9,10,14,12,9
G. Chiellini,87,LCB,66,46,58,60,90,79,,,,,,,54,33,83,65,45,59,60,31,65,61,60,70,57,82,57,78,87,54,87,49,90,88,28,50,50,84,,90,88,3,3,2,4,3
H. Lloris,87,GK,,,,,,,89,82,68,90,63,84,13,10,10,50,11,10,11,10,50,34,65,62,55,85,54,51,74,41,43,14,31,27,10,30,40,65,,10,18,89,82,68,84,90
L. Suarez,87,SUB,70,90,82,83,51,83,,,,,,,80,92,84,83,90,84,86,82,77,84,72,68,76,92,78,89,69,78,85,88,87,41,91,84,83,85,,45,38,27,25,31,33,37
L. Modric,87,RCM,73,76,89,88,71,66,,,,,,,86,72,55,91,76,85,85,78,89,90,76,70,91,88,92,79,68,84,58,82,62,79,78,90,82,92,,75,71,13,9,7,14,9
A. Di Maria,87,RW,83,81,85,88,48,68,,,,,,,88,79,51,83,78,88,89,88,80,87,82,83,94,84,76,83,72,78,60,86,73,42,84,88,73,86,,55,52,10,7,11,12,11
W. Szczesny,87,GK,,,,,,,86,82,73,88,49,87,12,12,16,32,14,11,16,14,36,22,51,47,55,82,51,55,71,45,65,14,40,15,14,48,18,65,,13,12,86,82,73,87,88
P. Aubameyang,87,LW,93,86,75,80,38,69,,,,,,,76,91,75,77,84,80,81,76,64,82,91,94,77,88,68,82,75,80,74,78,43,48,93,77,78,88,,29,36,6,9,15,9,9
Sergio Busquets,87,SUB,42,62,80,80,83,77,,,,,,,62,67,68,89,44,81,66,68,83,88,40,43,67,84,50,61,66,81,75,54,81,85,77,84,60,93,,83,80,5,8,13,9,13
C. Immobile,87,RS,84,88,67,83,39,77,,,,,,,55,93,81,80,85,83,70,51,53,84,82,85,75,90,77,86,77,78,77,80,77,40,93,71,88,86,,33,32,6,8,15,12,6
K. Navas,87,GK,,,,,,,90,81,75,90,53,82,11,15,11,30,11,16,11,15,37,19,54,53,60,84,61,56,74,39,75,13,32,20,16,68,25,67,,14,14,90,81,75,82,90
A. Griezmann,87,ST,79,85,84,88,57,72,,,,,,,83,88,83,84,87,87,86,85,82,89,80,79,91,92,83,81,90,86,63,82,73,49,89,85,86,89,,54,49,14,8,14,13,14
H. Son,87,LM,88,86,80,87,43,69,,,,,,,81,86,68,83,81,88,85,70,70,87,86,90,86,89,78,88,56,87,64,90,62,39,88,83,73,88,,34,33,11,13,13,6,10
Roberto Firmino,87,CF,77,80,81,90,61,78,,,,,,,73,80,75,87,85,90,81,65,76,91,78,77,85,90,86,82,81,88,74,77,75,58,86,86,72,88,,64,42,8,11,9,6,10
R. Varane,86,RCB,82,49,64,64,87,82,,,,,,,42,46,85,78,42,55,46,52,77,79,79,85,62,86,39,52,81,75,86,53,80,87,52,59,43,83,,87,86,11,11,9,5,14
P. Pogba,86,RDM,73,81,86,85,66,85,,,,,,,80,75,75,86,84,87,85,82,91,90,66,79,73,81,66,90,82,83,89,82,78,64,81,88,83,87,,67,65,5,6,2,4,3
M. Verratti,86,LCM,64,60,85,90,79,67,,,,,,,75,60,55,90,64,90,78,64,89,90,68,61,91,87,94,56,65,76,53,58,89,85,71,88,64,94,,82,83,12,12,15,15,10
Alejandro Gomez,86,LF,90,79,84,88,39,55,,,,,,,83,80,38,86,72,87,82,79,77,86,94,86,93,86,94,76,70,73,44,82,56,40,82,87,72,85,,30,34,8,11,12,9,6
Pique,86,RCB,57,61,71,67,86,80,,,,,,,57,65,84,81,57,63,58,43,81,80,48,64,57,88,35,62,74,69,87,51,79,87,64,72,69,87,,86,84,10,11,14,15,8
David Silva,86,CAM,64,74,88,88,52,55,,,,,,,84,72,53,92,82,86,82,77,84,91,68,61,85,87,87,72,64,70,46,73,56,50,86,91,75,92,,53,29,6,15,7,6,12
Y. Sommer,86,GK,,,,,,,80,86,85,85,51,87,13,13,10,40,8,15,12,13,31,25,48,54,55,84,58,64,73,45,68,12,38,21,15,64,24,57,,19,12,80,86,85,87,85
M. Hummels,86,CB,58,58,77,72,89,77,,,,,,,65,55,87,82,60,69,66,53,86,81,46,67,63,87,60,71,68,65,86,51,71,91,56,80,68,89,,88,86,15,6,10,5,6
J. Henderson,86,RCM,65,74,84,79,81,82,,,,,,,82,73,65,86,71,78,80,74,87,84,66,65,69,86,68,77,78,91,78,75,84,85,78,83,64,82,,83,77,7,13,7,9,13
Jordi Alba,86,LB,88,69,81,83,78,72,,,,,,,85,73,70,84,60,81,80,63,79,84,88,88,90,82,85,64,80,88,61,66,76,81,83,78,59,80,,80,82,13,15,13,6,13
T. Mullder,86,CAM,68,82,82,78,56,71,,,,,,,85,85,81,84,84,75,81,59,78,82,68,68,73,94,71,78,77,86,66,81,62,58,94,85,60,84,,57,46,6,7,11,14,14
De Gea,86,GK,,,,,,,88,81,78,89,58,82,17,13,21,50,13,18,21,19,47,38,57,58,63,83,43,59,67,43,60,12,38,30,12,61,29,65,,21,13,88,81,78,82,89
Carvajal,86,RB,80,54,78,80,82,80,,,,,,,84,51,72,83,49,78,76,47,74,84,79,80,79,84,81,68,77,89,74,47,84,83,75,74,45,82,,83,85,13,13,15,9,15
J. Vardy,86,ST,88,85,66,78,55,75,,,,,,,68,92,79,69,82,77,67,57,48,81,90,87,72,90,75,87,79,79,68,65,87,49,92,73,84,87,,50,53,15,14,7,15,11
K. Havertz,85,RM,84,81,79,85,45,67,,,,,,,73,85,78,84,80,86,84,53,78,87,78,88,78,85,74,74,75,82,69,78,42,38,84,82,73,84,,46,38,6,8,11,10,12
G. Donnarumma,85,GK,,,,,,,89,81,76,89,50,83,12,12,12,34,8,28,12,14,24,28,46,54,64,79,38,57,72,34,72,18,30,26,14,50,24,68,,14,16,89,81,76,83,89
M. de Ligt,85,SUB,72,59,66,69,85,84,,,,,,,52,50,86,75,45,66,48,55,74,76,68,75,56,84,60,82,84,76,88,66,83,83,44,63,40,82,,85,82,12,11,11,12,10
M. Rashford,85,LM,91,83,78,86,45,78,,,,,,,77,83,68,81,73,87,82,76,69,85,89,93,86,86,75,90,72,87,76,81,73,42,82,82,81,82,,40,33,11,6,15,7,14
L. Sane,85,LM,93,81,79,86,38,67,,,,,,,83,81,72,81,85,88,83,82,64,85,91,95,84,79,78,87,64,70,69,78,61,34,84,82,71,80,,32,35,8,12,9,9,14
F. De Jong,85,LCM,80,64,84,87,76,77,,,,,,,75,63,66,90,69,87,84,64,86,88,80,80,83,88,79,68,76,90,74,61,70,82,73,86,45,90,,76,77,7,13,10,10,9
Marquinhos,85,RCB,72,41,73,70,87,78,,,,,,,68,33,84,82,31,64,55,32,82,79,70,73,69,85,67,61,89,80,75,35,80,86,59,68,47,86,,87,87,6,6,12,10,13
C. Lenglet,85,LCB,74,45,67,65,87,81,,,,,,,55,39,83,78,37,57,59,31,74,76,76,72,61,84,60,58,85,75,83,46,80,87,54,66,49,82,,86,81,10,10,9,12,7
S. Milinkovic-Savic,85,RCM,69,79,80,83,79,85,,,,,,,64,80,86,85,74,86,78,75,85,88,66,72,64,83,63,83,85,85,88,80,79,78,79,85,56,84,,79,74,7,10,7,16,7
M. Skriniar,85,LCB,69,41,59,66,87,81,,,,,,,40,42,82,73,40,67,34,30,69,69,70,68,48,83,51,50,78,73,84,30,86,86,30,57,56,81,,87,83,10,13,12,8,12
M. Depay,85,RS,86,83,81,84,32,80,,,,,,,83,83,65,81,74,85,85,86,74,84,85,87,80,82,79,87,76,81,81,83,75,28,84,84,73,78,,31,20,8,14,6,12,10
T. Werner,85,ST,91,85,69,84,35,71,,,,,,,69,88,78,78,86,84,70,58,55,85,93,89,83,87,76,85,75,83,67,78,63,37,88,65,78,82,,20,19,9,9,8,15,9
Rodri,85,CDM,65,68,77,77,82,79,,,,,,,63,64,75,85,59,76,65,54,82,82,66,65,68,82,69,74,69,84,79,76,76,83,75,82,46,85,,84,78,10,10,7,14,8
B. Leno,85,GK,,,,,,,85,83,80,86,56,84,9,9,13,50,10,16,9,8,48,35,55,56,52,81,44,60,73,43,70,14,28,25,7,56,23,66,,15,18,85,83,80,84,86
S. Gnabry,85,RM,82,83,78,86,43,70,,,,,,,79,85,42,79,83,87,74,62,74,83,90,76,86,85,88,86,65,78,69,81,63,38,85,83,68,80,,44,43,14,10,10,9,7
Ricardo Pereira,85,SUB,83,66,79,82,81,76,,,,,,,82,63,65,83,59,82,78,52,78,82,84,83,79,85,79,74,75,88,69,64,79,81,75,77,61,81,,84,83,16,12,15,11,11
R. Lukaku,85,RS,81,83,76,75,38,84,,,,,,,73,86,85,79,77,78,78,66,71,78,77,84,60,86,46,87,71,73,95,74,71,27,86,78,78,83,,41,30,8,15,14,7,10
Luis Alberto,85,LCM,74,76,86,85,58,59,,,,,,,76,77,49,90,76,86,86,81,89,88,76,72,81,80,74,77,53,75,64,76,29,55,80,88,56,78,,68,45,6,8,6,12,11
M. Icardi,85,RS,73,85,65,78,36,68,,,,,,,47,90,88,76,85,76,76,48,54,82,74,73,73,86,75,85,93,66,72,71,56,22,92,72,82,83,,24,20,13,9,5,7,9
H. Ziyech,85,SUB,80,76,87,84,50,66,,,,,,,88,73,53,86,74,83,90,78,89,85,83,77,85,84,78,83,37,80,59,77,73,52,82,89,67,79,,56,40,11,7,11,8,14
Thiago Silva,85,SUB,59,54,72,71,86,78,,,,,,,60,40,81,80,61,67,62,61,80,79,57,61,67,81,66,71,90,71,82,65,76,88,59,70,60,86,,86,84,9,12,5,9,10
D. Mertens,85,ST,86,82,80,89,35,51,,,,,,,79,84,40,82,70,88,82,79,74,89,90,82,94,86,92,80,58,70,37,81,59,36,85,83,79,81,,40,40,7,10,8,10,4
M. Pjanic,85,RCM,67,68,87,85,75,67,,,,,,,81,56,60,90,72,86,86,92,87,89,68,66,75,84,81,78,59,81,59,82,70,78,68,88,79,86,,76,70,7,7,13,7,8
G. Wijnaldum,85,LCM,76,75,81,86,78,79,,,,,,,72,75,78,88,73,85,78,73,81,88,77,76,84,86,88,78,81,93,74,73,75,79,79,79,74,86,,79,69,16,6,14,12,6
D. Godin,85,RCB,57,48,64,61,87,79,,,,,,,52,42,85,79,47,53,49,49,70,74,59,55,57,74,53,67,89,62,85,43,85,87,48,52,50,80,,86,84,6,8,15,5,15
T. Alderweireld,85,RCB,63,55,72,67,87,79,,,,,,,64,45,82,79,38,62,63,69,82,75,60,65,59,85,62,78,82,78,79,58,81,85,52,62,58,86,,89,85,16,6,14,16,14
L. Bonucci,85,CB,60,58,69,70,87,77,,,,,,,44,48,84,77,58,69,56,61,84,75,58,62,60,84,55,74,85,66,79,65,82,90,38,74,70,86,,86,80,2,2,3,2,4
P. Gulasci,85,GK,,,,,,,84,85,82,86,43,84,16,10,23,35,10,19,18,11,31,25,42,44,41,82,42,62,67,35,74,12,34,23,11,42,24,45,,16,20,84,85,82,84,86
M. Reus,85,RCM,80,86,84,85,45,63,,,,,,,85,86,44,85,89,85,88,86,76,87,82,78,83,85,82,87,70,67,66,83,51,48,86,84,91,85,,37,45,12,12,13,13,11
K. Walker,85,RB,92,63,76,77,80,82,,,,,,,81,51,74,78,57,79,76,71,76,79,90,94,66,84,69,86,83,89,79,69,78,80,68,69,63,75,,83,82,12,6,16,15,8
Thiago,85,SUB,64,72,85,90,70,62,,,,,,,78,68,54,89,84,90,85,77,89,91,74,55,91,85,90,75,75,73,59,73,54,83,75,85,75,86,,71,68,6,11,7,9,13
Parejo,85,RCM,50,83,90,81,71,69,,,,,,,86,83,61,92,72,82,88,93,90,86,52,49,63,80,72,81,49,78,70,88,58,81,82,89,88,85,,70,69,5,9,12,14,8
C. Eriksen,85,CAM,72,81,88,81,53,63,,,,,,,86,77,52,90,80,77,89,85,87,90,74,70,77,84,80,84,49,92,56,89,46,56,82,90,67,86,,57,22,9,14,7,7,6
Alex Sandro,85,SUB,81,65,77,80,81,81,,,,,,,84,55,76,81,68,80,78,59,71,81,78,83,78,84,77,80,79,90,77,72,82,82,70,70,60,80,,81,82,7,7,9,12,5
Koke,85,RCM,67,75,85,81,76,80,,,,,,,85,72,61,87,56,80,85,76,85,84,68,66,73,88,80,83,63,94,75,80,79,80,82,85,59,84,,80,70,14,12,5,10,13
L. Insigne,85,LW,88,78,83,91,36,44,,,,,,,83,75,59,83,74,90,87,77,78,93,92,84,93,80,93,78,50,70,34,84,34,26,81,85,74,83,,24,22,8,4,14,9,10
R. Mahrez,85,RW,83,79,81,90,38,59,,,,,,,83,79,48,80,76,90,84,78,75,91,87,79,92,81,88,79,60,76,55,80,48,39,80,84,70,84,,31,22,15,9,13,11,6
E. Haaland,84,LS,84,87,63,76,43,85,,,,,,,46,87,67,74,82,75,77,62,49,78,80,88,75,83,67,93,70,78,91,83,82,41,86,68,80,83,,38,30,7,14,13,11,7
L. Martinez,84,LS,83,82,71,85,48,82,,,,,,,56,86,84,78,83,87,78,43,73,84,84,83,86,84,78,80,88,77,83,74,86,45,85,77,74,83,,31,44,11,8,8,8,13
Oyarzabal,84,LW,81,82,80,84,41,63,,,,,,,82,84,60,81,73,85,74,71,73,84,80,81,80,81,79,80,72,82,57,81,52,29,83,85,83,75,,32,30,10,6,10,13,11
N. Sule,84,SUB,69,42,59,49,85,81,,,,,,,34,22,86,78,33,43,28,30,69,63,52,83,33,81,32,77,38,63,93,62,83,81,26,57,32,75,,88,87,15,7,14,7,15
Arthur,84,SUB,66,73,82,87,75,71,,,,,,,73,70,58,88,63,87,76,60,84,89,68,65,79,85,90,78,68,76,68,76,75,77,75,86,69,90,,79,70,6,13,13,11,12
L. Goretzka,84,LDM,78,78,80,82,77,85,,,,,,,75,79,82,84,69,82,76,75,79,85,81,76,76,87,70,79,78,83,88,82,81,79,83,82,60,82,,79,75,13,8,15,11,9
Grimaldo,84,LB,85,65,79,84,77,71,,,,,,,84,52,66,81,61,84,85,81,79,83,86,84,84,83,86,79,64,90,63,79,69,81,75,68,54,83,,78,79,7,13,10,7,13
A. Martial,84,ST,89,83,74,87,41,72,,,,,,,72,85,71,80,75,89,84,54,63,87,88,90,83,82,79,83,70,77,76,79,54,42,84,77,81,82,,39,36,9,8,8,15,11
J. Brandt,84,SUB,81,78,82,87,51,66,,,,,,,81,77,54,84,79,88,77,65,85,86,77,85,84,83,83,81,64,80,71,80,38,47,80,85,54,84,,55,57,11,16,11,8,9
K. Coman,84,SUB,93,76,77,87,29,59,,,,,,,77,76,52,78,77,88,81,70,73,87,94,93,88,84,84,80,73,66,64,73,36,23,83,79,70,76,,27,21,5,3,5,3,5
J. GimÃ©nez,84,RCB,67,45,53,54,86,83,,,,,,,47,37,78,70,30,50,36,44,62,60,65,69,54,79,40,72,90,64,90,48,89,85,24,27,38,75,,87,86,9,11,7,10,15
A. Onana,84,GK,,,,,,,84,80,87,86,63,82,15,12,20,33,13,26,30,17,32,38,64,62,68,84,53,65,80,39,78,17,32,15,11,64,27,61,,18,14,84,80,87,82,86
W. Ndidi,84,CDM,71,62,68,74,87,84,,,,,,,50,50,76,79,66,72,58,58,75,78,70,72,69,87,67,80,90,92,78,72,87,90,67,67,55,80,,89,85,13,14,7,7,13
SaÃºl,84,LM,68,79,79,81,78,79,,,,,,,69,78,83,85,76,81,73,60,83,85,67,69,73,84,69,82,80,87,77,81,76,79,82,83,68,83,,78,77,7,13,12,10,9
R. BÃ¼rki,84,GK,,,,,,,85,82,72,88,47,82,15,8,17,37,13,12,13,12,24,23,44,50,49,82,52,54,74,36,75,14,35,18,10,50,20,58,,13,16,85,82,72,82,88
S. de Vrij,84,CB,68,41,62,68,86,75,,,,,,,49,25,82,73,27,66,45,16,71,73,69,68,61,81,59,65,76,64,78,60,80,86,32,64,41,82,,87,85,8,10,7,14,13
L. Digne,84,LB,78,69,80,79,80,76,,,,,,,87,60,71,81,68,78,83,83,73,83,78,78,69,83,78,83,92,85,69,76,76,82,72,74,60,80,,83,84,6,12,9,6,13
R. Guerreiro,84,LM,74,78,84,87,73,57,,,,,,,82,80,37,87,79,87,85,82,78,88,82,67,87,84,90,79,53,77,49,80,52,81,79,84,44,86,,76,78,12,6,8,11,8
T. Partey,84,LCM,71,74,81,81,82,85,,,,,,,74,68,68,86,56,84,69,70,84,83,68,74,75,85,50,86,83,92,82,85,84,84,73,84,49,86,,85,81,11,13,9,9,7
Alex Telles,84,LB,85,74,83,81,79,76,,,,,,,89,65,67,83,67,82,87,79,87,82,84,85,73,83,70,87,80,91,68,83,78,80,75,76,81,78,,81,79,13,8,12,11,14
M. BrozoviÄ‡,84,LCM,63,74,80,81,79,78,,,,,,,72,69,70,83,65,81,79,74,84,85,62,63,72,75,76,80,67,94,69,84,84,81,70,80,69,82,,81,79,8,8,15,11,8
Fernandinho,84,RCB,64,72,78,78,85,79,,,,,,,68,66,71,86,73,76,70,72,81,82,67,62,69,88,77,83,84,78,76,78,87,89,70,73,61,81,,86,83,12,11,5,13,7
JesÃºs Navas,84,RB,87,69,79,83,80,58,,,,,,,83,66,75,81,75,84,82,46,75,83,90,84,81,84,84,75,63,81,39,70,75,83,81,80,56,81,,78,80,10,10,15,7,13
K. Schmeichel,84,GK,,,,,,,82,77,83,89,54,79,18,12,16,44,15,12,13,15,46,40,50,58,61,81,47,62,60,34,64,14,35,20,13,59,26,67,,14,13,82,77,83,79,89
S. Sirigu,84,GK,,,,,,,84,80,76,82,51,84,13,10,11,23,12,15,11,11,28,18,50,51,52,79,55,57,68,34,66,14,34,20,10,55,19,62,,11,13,84,80,76,84,82
Lucas Leiva,84,CDM,60,66,76,78,83,71,,,,,,,63,62,72,82,59,77,74,47,81,79,62,58,77,82,80,77,81,80,61,66,83,87,66,81,61,86,,84,81,10,8,8,5,6
A. Witsel,84,CDM,63,73,81,79,82,82,,,,,,,69,71,84,90,77,79,71,68,85,83,62,64,74,82,70,76,78,83,84,71,77,83,75,81,76,92,,80,81,5,7,7,10,7
Rui PatrÃ­cio,84,GK,,,,,,,84,80,77,83,55,82,12,12,11,34,16,20,10,16,32,25,53,57,61,79,54,58,79,45,77,11,37,23,13,64,32,66,,13,11,84,80,77,82,83
Azpilicueta,84,RB,67,55,77,72,84,76,,,,,,,81,46,75,78,51,67,68,58,80,77,68,66,72,86,73,68,79,81,70,60,86,85,62,74,66,78,,85,85,13,9,10,6,5
Douglas Costa,84,SUB,93,73,79,91,43,59,,,,,,,82,64,50,83,76,92,84,78,65,91,94,93,92,80,91,86,60,68,56,80,55,48,74,80,77,80,,38,34,13,15,9,12,5
Iago Aspas,84,ST,82,85,78,86,35,63,,,,,,,80,89,77,79,83,87,79,80,68,86,78,86,90,84,72,79,66,69,60,81,63,39,84,79,82,85,,21,18,12,16,9,12,13
J. Corona,84,RB,84,68,78,88,77,60,,,,,,,84,69,71,79,75,89,85,67,68,86,88,81,91,84,87,66,71,89,39,63,73,78,79,78,68,85,,77,76,11,6,10,14,9
I. Gueye,84,RCM,69,61,71,78,85,79,,,,,,,60,53,69,81,32,76,49,61,77,79,70,69,81,83,81,80,89,91,69,66,86,89,69,68,54,83,,90,83,8,6,8,12,13
D. Alaba,84,LCB,77,70,81,79,83,76,,,,,,,80,60,76,85,67,77,77,85,79,83,78,77,76,88,77,82,83,75,76,78,74,84,73,78,79,84,,83,82,5,7,14,15,9
Isco,84,SUB,68,75,82,90,59,59,,,,,,,78,76,55,84,67,92,88,76,81,91,71,65,83,74,90,69,61,61,59,81,58,61,76,83,76,85,,64,51,10,8,12,15,6
Pizzi,84,CAM,75,78,83,83,65,68,,,,,,,80,78,45,85,78,83,83,77,83,85,78,73,77,83,77,76,67,85,59,77,67,72,85,86,78,85,,67,52,15,14,9,9,15
W. Ben Yedder,84,ST,84,83,77,87,39,63,,,,,,,74,88,74,82,84,87,80,76,66,87,86,82,91,86,89,83,79,68,63,71,55,44,90,80,80,84,,33,26,6,13,9,7,7
J. IliÄiÄ‡,84,RF,70,86,84,85,43,68,,,,,,,82,85,58,86,83,88,85,85,74,88,71,69,71,84,66,88,34,69,74,89,58,46,85,87,78,80,,32,26,13,13,8,12,6
R. JimÃ©nez,84,ST,78,82,76,82,49,83,,,,,,,73,84,85,81,82,84,75,51,75,83,73,82,75,83,68,83,75,86,84,74,81,53,84,78,92,81,,38,30,7,11,13,14,10
Felipe,84,LCB,62,41,58,61,86,86,,,,,,,45,39,84,73,44,57,32,30,69,63,58,66,65,83,55,46,90,76,89,41,92,87,34,50,47,75,,86,83,9,11,14,9,7
N. Tagliafico,84,LB,82,56,73,76,82,79,,,,,,,82,57,84,78,44,73,68,40,67,77,81,82,77,84,82,66,90,85,73,47,84,82,70,69,46,82,,80,81,13,9,10,15,16
F. Valverde,83,SUB,86,74,78,79,77,80,,,,,,,66,70,59,85,70,79,70,66,84,82,82,89,76,84,69,80,59,86,79,81,81,81,76,80,59,82,,80,76,6,10,6,15,8
M. Ã˜degaard,83,SUB,78,75,84,85,58,63,,,,,,,84,74,52,83,73,86,81,83,81,85,80,77,85,74,83,76,46,80,55,78,64,65,77,87,63,76,,49,51,14,15,15,8,10
O. DembÃ©lÃ©,83,RW,92,77,77,87,36,56,,,,,,,81,75,43,78,76,89,82,64,76,84,93,92,89,78,81,83,58,68,51,76,54,36,77,76,75,80,,30,33,6,6,14,10,13
GayÃ ,83,LB,84,61,78,80,79,70,,,,,,,81,61,58,82,58,79,80,49,75,82,81,86,81,83,79,62,53,84,63,59,76,80,77,75,52,76,,82,84,13,10,9,12,9
T. Strakosha,83,GK,,,,,,,86,79,75,88,44,81,18,18,11,26,11,14,14,12,22,15,41,46,45,78,47,56,56,23,66,14,20,24,18,49,21,61,,18,12,86,79,75,81,88
Pau LÃ³pez,83,GK,,,,,,,82,83,79,84,49,82,24,19,15,38,17,18,23,21,41,16,45,52,40,74,57,59,71,42,52,18,39,16,20,62,25,62,,20,11,82,83,79,82,84
J. Gomez,83,RCB,82,30,66,69,83,80,,,,,,,69,26,74,78,24,67,41,29,65,73,78,85,65,83,66,41,76,74,83,26,81,84,51,60,26,74,,85,82,8,13,14,7,7
S. Bergwijn,83,SUB,87,79,78,85,39,72,,,,,,,78,77,60,84,75,87,78,66,62,85,88,87,79,79,90,84,68,79,78,83,50,34,78,80,68,77,,28,26,11,14,12,14,13
F. Mendy,83,LB,92,64,76,79,78,82,,,,,,,78,63,72,80,50,80,72,35,78,78,91,92,80,82,78,69,78,88,79,64,82,79,80,75,49,78,,81,80,7,16,9,10,9
A. Wan-Bissaka,83,RB,86,51,68,80,82,74,,,,,,,74,44,58,74,43,82,68,45,56,77,84,88,85,82,73,70,62,79,71,46,78,83,69,64,56,76,,85,90,9,8,6,8,8
A. Hakimi,83,RM,94,70,76,82,72,76,,,,,,,81,73,63,81,60,84,68,55,72,83,93,95,77,81,74,77,75,86,73,63,72,78,75,74,46,79,,74,76,10,8,14,6,8
A. Romagnoli,83,LCB,70,40,56,69,85,78,,,,,,,36,30,78,75,28,68,36,24,71,76,68,72,59,80,53,64,79,71,79,46,85,86,31,45,34,76,,86,82,9,14,12,8,9
D. Alli,83,SUB,72,80,79,83,71,79,,,,,,,68,82,81,83,79,84,75,68,81,85,68,76,75,84,68,78,71,89,73,79,81,72,86,84,76,87,,70,63,7,6,9,11,8
D. van de Beek,83,SUB,70,80,78,78,72,80,,,,,,,67,79,69,82,80,76,78,65,79,85,67,73,72,85,70,83,71,92,76,80,75,73,84,82,63,85,,74,68,7,12,8,10,14
D. Zakaria,83,RDM,83,64,75,77,81,85,,,,,,,68,66,67,83,35,78,64,46,76,80,81,85,68,84,64,74,65,80,87,63,89,81,65,76,38,84,,84,80,12,12,7,13,11
Gabriel Jesus,83,ST,85,82,72,87,42,71,,,,,,,66,85,77,77,77,86,76,54,66,86,87,83,91,87,90,81,78,79,65,76,73,32,87,77,75,81,,30,28,13,8,6,6,15
S. Umtiti,83,SUB,66,62,69,69,83,79,,,,,,,61,51,79,78,65,64,72,62,73,77,65,67,61,80,66,83,85,65,85,70,82,84,51,58,61,82,,84,83,15,10,14,12,15
M. KovaÄiÄ‡,83,SUB,75,69,83,88,69,70,,,,,,,73,61,42,90,76,88,79,70,82,89,78,73,87,82,84,79,76,79,63,75,77,74,72,84,59,81,,73,66,9,5,6,7,7
JoÃ£o Cancelo,83,SUB,86,65,79,83,77,70,,,,,,,83,58,68,81,62,85,82,69,75,84,87,85,78,81,78,80,72,89,60,68,73,76,78,78,46,82,,80,80,6,9,15,14,14
NÃ©lson Semedo,83,RB,92,57,69,82,77,76,,,,,,,76,50,58,76,42,82,61,30,65,81,91,93,87,82,81,74,79,92,66,60,81,81,72,62,38,79,,81,80,16,12,10,14,12
K. Casteels,83,GK,,,,,,,83,80,80,84,45,83,15,15,14,35,13,14,20,13,37,23,44,46,50,82,43,60,58,44,72,18,33,16,15,42,20,40,,19,17,83,80,80,83,84
A. Lopes,83,GK,,,,,,,85,80,74,86,64,80,19,18,16,32,13,15,15,14,31,21,63,64,67,83,62,56,82,36,73,18,43,25,9,48,16,65,,15,13,85,80,74,80,86
M. Sabitzer,83,LDM,80,83,80,80,65,78,,,,,,,74,81,60,83,82,79,75,78,79,82,76,83,75,86,80,88,71,84,76,88,77,64,83,83,65,80,,64,59,11,13,14,15,13
Diego Carlos,83,LCB,77,47,63,67,82,83,,,,,,,35,32,79,76,34,65,47,71,74,71,78,76,68,82,55,73,82,74,86,57,85,84,52,63,41,75,,82,81,7,10,14,7,11
K. Manolas,83,RCB,82,25,42,60,85,79,,,,,,,27,25,80,60,16,54,30,10,61,65,80,83,67,81,60,40,86,69,81,12,86,86,25,22,26,83,,85,87,8,6,8,15,12
J. Matip,83,SUB,60,46,68,68,85,78,,,,,,,54,36,84,77,50,69,63,22,74,72,51,67,51,84,42,66,75,69,80,48,84,86,48,72,42,79,,86,80,11,15,10,7,10
Juan Bernat,83,RES,81,64,79,83,76,67,,,,,,,85,65,57,82,61,83,78,51,73,83,82,81,85,83,88,64,74,79,57,62,75,79,78,77,53,78,,81,78,8,9,12,11,16
N. Fekir,83,RM,79,82,81,87,38,79,,,,,,,79,82,49,84,77,88,83,79,77,87,80,79,81,79,91,84,64,79,81,83,79,34,83,82,74,89,,42,30,15,9,8,14,15
Z. IbrahimoviÄ‡,83,ST,52,88,77,79,34,77,,,,,,,68,86,80,78,88,80,80,78,73,86,53,52,71,82,39,90,67,54,87,88,84,20,91,84,89,90,,37,24,13,15,10,9,12
JoÃ£o Moutinho,83,LCM,56,75,86,83,72,66,,,,,,,85,73,70,87,76,82,84,81,86,86,60,53,75,79,85,77,71,77,58,79,71,72,74,87,70,89,,74,68,13,15,15,13,13
S. Mandanda,83,GK,,,,,,,81,81,78,84,48,81,14,13,13,46,13,19,13,12,36,27,53,43,52,82,36,59,74,31,61,7,37,23,11,55,11,64,,15,13,81,81,78,81,84
G. HiguaÃ­n,83,ST,65,85,71,80,31,69,,,,,,,68,87,77,75,85,80,74,62,60,83,62,67,71,84,69,86,78,57,82,80,50,20,90,75,70,85,,22,18,5,12,7,5,10
Renato Augusto,83,LCM,71,79,82,81,72,77,,,,,,,75,78,65,85,77,82,80,83,83,81,73,70,73,86,73,81,49,85,79,81,67,72,74,83,78,82,,73,64,6,11,16,15,8
C. Vela,83,ST,80,82,78,84,31,67,,,,,,,78,85,67,81,82,84,84,71,66,85,80,80,81,83,81,76,65,74,67,84,57,37,84,81,72,83,,22,14,8,14,8,13,10
B. Matuidi,83,LDM,75,66,75,77,82,79,,,,,,,74,60,68,80,72,76,60,52,77,77,76,75,83,81,79,78,84,85,73,67,86,83,72,74,56,82,,83,85,8,11,5,10,14
J. Vertonghen,83,LCB,58,62,72,71,85,78,,,,,,,70,54,78,77,52,70,66,70,73,77,55,61,56,82,60,80,83,72,79,66,84,85,56,66,66,81,,85,86,6,10,9,12,7
G. Bale,83,SUB,88,84,82,80,58,73,,,,,,,87,81,84,80,85,80,90,87,79,83,86,89,78,79,65,90,82,69,77,87,65,59,83,79,76,85,,55,52,15,15,11,5,6
Marcelo,83,SUB,79,73,80,88,76,76,,,,,,,84,73,73,81,63,89,84,67,77,91,81,78,83,82,85,81,76,74,76,70,80,80,81,78,59,82,,77,79,12,5,5,5,9
R. Nainggolan,83,RES,71,80,80,83,83,81,,,,,,,73,75,59,85,75,83,73,68,82,84,71,71,75,85,83,86,74,89,75,89,88,86,84,80,63,84,,86,90,11,11,14,8,11
E. Banega,83,LCM,63,74,84,82,76,70,,,,,,,80,71,55,85,65,83,83,81,84,84,65,61,76,81,80,76,56,69,67,81,83,79,75,85,78,80,,77,76,13,8,7,7,10
E. DÅ¾eko,83,ST,59,84,71,75,46,73,,,,,,,63,88,83,77,77,76,65,54,72,85,61,58,56,83,36,86,64,70,81,79,58,50,89,75,67,83,,28,16,9,11,13,15,15
A. Vidal,83,SUB,65,79,79,78,83,86,,,,,,,76,75,81,81,78,76,76,68,80,82,66,65,73,85,77,84,82,86,83,81,93,84,82,81,81,80,,86,83,4,2,4,2,4
Yuri Berchiche,83,SUB,83,68,76,76,80,83,,,,,,,82,61,75,82,59,72,80,55,72,80,82,84,77,80,80,80,85,86,80,76,85,82,62,66,59,78,,80,77,12,13,9,8,11
Fernando,83,CDM,66,62,74,73,82,82,,,,,,,62,54,74,83,56,71,65,53,78,78,66,66,70,81,62,76,76,82,81,68,85,85,59,74,54,78,,83,81,7,5,9,3,5
K. Trippier,83,RB,73,60,81,77,79,72,,,,,,,86,48,74,80,58,74,86,82,79,83,74,72,73,81,77,75,76,88,64,70,70,79,73,80,66,77,,83,81,11,14,8,11,10
I. GÃ¼ndoÄŸan,83,SUB,66,74,84,84,72,71,,,,,,,78,71,50,88,75,84,85,74,85,88,66,66,77,85,77,77,61,69,73,74,70,77,78,86,80,87,,74,67,11,14,5,5,13
Paulinho,83,LDM,72,82,77,82,80,85,,,,,,,67,84,85,82,75,82,66,75,76,83,74,71,73,82,85,83,92,92,82,80,81,80,84,83,71,81,,79,75,16,16,11,6,8
Oscar,83,LCM,78,79,83,83,58,65,,,,,,,81,78,59,86,72,81,77,78,85,83,83,73,88,80,86,80,75,84,58,82,56,49,82,80,70,79,,56,52,12,10,15,12,12
K. Trapp,83,GK,,,,,,,82,78,79,85,49,83,13,13,11,25,12,10,14,12,12,24,45,52,42,82,37,59,75,45,73,13,30,22,12,46,17,62,,14,10,82,78,79,83,85
Coutinho,83,SUB,72,79,82,89,52,59,,,,,,,79,76,48,82,78,89,90,86,78,89,77,68,91,82,93,82,58,74,51,86,59,49,81,83,70,77,,54,47,12,7,9,14,6
Muniain,83,CAM,81,75,80,87,51,60,,,,,,,79,79,43,84,68,87,82,69,70,86,83,79,92,80,95,70,72,74,49,77,66,45,80,83,61,82,,55,38,10,5,5,13,12
L. HrÃ¡deckÃ½,83,GK,,,,,,,85,78,69,87,41,83,11,11,11,30,9,10,11,15,33,20,38,44,43,82,39,52,69,34,55,14,31,18,9,53,20,48,,10,13,85,78,69,83,87
A. Lacazette,83,ST,76,82,75,84,46,75,,,,,,,68,83,75,79,79,84,74,74,70,85,77,75,81,84,82,87,76,77,75,78,74,42,84,78,76,81,,51,32,11,6,9,5,6
Aitor,83,GK,,,,,,,84,78,74,86,55,81,30,12,20,38,15,22,34,14,35,14,58,53,70,83,48,56,82,42,48,12,15,24,15,48,24,55,,13,12,84,78,74,81,86
W. Zaha,83,LS,90,75,72,87,34,75,,,,,,,76,77,47,75,64,90,63,51,65,86,88,92,87,75,79,81,58,75,77,70,72,32,76,76,72,80,,34,32,15,10,15,11,10
C. ArÃ¡nguiz,83,RDM,60,72,82,81,78,73,,,,,,,78,66,53,85,68,79,75,76,84,83,71,51,79,87,86,78,61,85,64,77,81,85,75,81,76,81,,74,72,15,7,12,8,13
D. TadiÄ‡,83,ST,66,80,84,84,41,73,,,,,,,84,83,66,85,79,84,85,76,80,87,67,66,77,81,84,78,59,86,75,76,56,37,83,87,83,86,,34,26,11,11,14,9,16
Sergi Roberto,83,SUB,77,63,81,78,77,73,,,,,,,83,63,72,84,50,78,78,60,78,82,75,79,69,80,74,65,43,92,69,66,68,79,69,83,57,76,,79,78,14,16,11,15,10
F. Acerbi,83,CB,62,50,62,63,86,83,,,,,,,25,37,82,75,39,65,62,56,79,72,66,59,32,85,35,75,67,83,86,60,77,86,20,65,72,85,,87,85,11,9,9,13,11
Allan,83,CDM,73,71,77,82,85,83,,,,,,,70,74,59,84,56,82,65,49,79,83,77,69,78,88,86,73,67,92,78,69,90,88,79,80,53,85,,88,86,13,13,5,5,8
Lucas Moura,83,RM,92,78,72,87,43,67,,,,,,,73,79,62,74,72,88,71,70,70,85,95,89,93,81,92,80,92,75,58,76,72,50,80,70,74,82,,43,44,9,10,14,7,14
T. Hazard,83,SUB,84,77,81,86,52,67,,,,,,,81,76,39,82,80,86,83,81,73,84,86,83,91,82,88,78,60,80,65,77,57,63,81,83,81,78,,46,48,6,9,7,7,8
Portu,83,RW,90,79,81,82,59,79,,,,,,,80,82,77,83,72,84,80,64,79,81,90,90,81,78,81,82,75,89,73,75,82,55,80,82,53,74,,61,59,14,10,15,15,13
Jorginho,83,LDM,55,65,84,80,72,73,,,,,,,75,60,56,89,71,79,75,76,88,85,61,50,77,81,72,71,58,85,66,62,79,78,68,87,91,81,,80,71,14,7,13,14,8
E. ViÅ¡Ä‡a,83,RM,88,77,79,82,47,64,,,,,,,82,76,45,83,74,79,76,68,71,83,89,87,91,78,90,80,71,90,58,77,47,52,82,79,75,82,,40,40,8,14,14,12,16
Gerard Moreno,83,RS,76,84,76,80,46,73,,,,,,,78,88,81,79,80,81,75,62,73,82,75,77,74,86,68,81,76,76,75,80,61,42,85,76,75,77,,41,41,15,12,7,12,10
F. KostiÄ‡,83,LM,88,76,79,83,68,80,,,,,,,89,74,59,75,70,85,79,80,73,83,89,87,76,81,77,84,67,91,77,78,78,63,79,81,64,80,,72,68,13,14,12,12,13
D. Zapata,83,ST,75,81,59,78,37,83,,,,,,,44,88,83,75,77,79,48,62,47,81,72,78,67,82,60,86,79,72,93,64,72,20,86,59,70,82,,24,22,9,9,8,6,8
Rafa,83,RM,94,73,74,87,50,52,,,,,,,78,74,46,77,68,88,78,56,62,85,93,94,90,83,89,75,64,77,40,71,47,58,83,78,59,81,,47,39,9,11,11,12,8
M. DÃºbravka,83,GK,,,,,,,79,80,81,86,46,82,12,10,12,48,11,19,15,13,45,35,49,44,47,77,60,61,75,40,60,17,28,25,12,55,20,59,,15,14,79,80,81,82,86
M. AcuÃ±a,83,SUB,76,74,82,86,78,82,,,,,,,87,66,57,81,68,87,88,75,78,87,77,75,82,83,90,82,63,90,80,81,84,78,81,82,76,87,,82,79,8,14,13,13,14
Ronaldo Cabrais,83,RW,88,77,83,84,35,72,,,,,,,83,74,64,83,76,85,86,78,82,83,90,87,86,84,71,82,69,88,68,78,62,40,82,83,77,81,,35,33,12,12,13,15,13
ReguilÃ³n,82,SUB,85,55,73,78,78,70,,,,,,,79,52,75,79,49,78,70,43,67,81,82,87,76,79,72,62,66,80,65,56,73,79,74,68,42,72,,79,78,11,14,9,5,12
FabiÃ¡n,82,RCM,63,78,78,83,74,68,,,,,,,72,79,67,81,67,85,75,59,81,85,67,60,71,83,66,75,46,75,67,83,68,77,82,84,67,77,,78,75,16,11,7,13,13
L. HernÃ¡ndez,82,SUB,77,54,70,71,83,79,,,,,,,78,53,82,79,46,65,59,39,63,79,77,77,70,85,68,62,85,75,77,51,86,83,62,63,42,76,,84,86,10,7,8,14,10
RÃºben Neves,82,RCM,61,75,84,77,71,73,,,,,,,78,66,53,86,82,76,85,84,87,82,63,60,65,79,70,86,67,78,67,84,82,77,65,86,76,83,,75,70,16,12,10,8,10
G. Lo Celso,82,CAM,77,77,82,85,65,73,,,,,,,78,76,57,83,69,85,82,77,83,86,76,77,83,82,80,82,61,78,70,78,78,70,79,85,65,81,,70,66,10,7,10,15,14
A. Areola,82,SUB,,,,,,,85,79,80,84,55,78,20,19,14,48,16,12,16,16,37,22,56,54,58,79,58,60,72,38,80,14,26,23,17,51,25,64,,18,12,85,79,80,78,84
Kepa,82,GK,,,,,,,81,82,85,82,33,79,25,11,18,51,18,10,25,19,52,33,34,33,41,73,39,64,71,37,51,14,18,21,15,57,24,63,,18,16,81,82,85,79,82
M. Maignan,82,GK,,,,,,,80,80,82,83,46,82,18,13,17,36,16,22,14,16,27,24,47,46,39,80,55,62,72,39,78,20,17,24,14,50,15,55,,12,19,80,80,82,82,83
Marco Asensio,82,SUB,79,80,81,83,43,61,,,,,,,81,77,57,81,79,84,83,76,80,86,79,79,79,78,76,86,58,76,61,83,45,45,80,81,62,82,,42,39,13,9,6,12,10
K. Laimer,82,RDM,85,68,78,78,80,77,,,,,,,78,69,69,84,60,79,70,47,79,79,83,86,76,79,74,72,73,89,69,68,85,84,71,77,54,79,,79,75,9,12,12,13,12
H. Maguire,82,LCB,50,53,69,71,82,85,,,,,,,51,48,86,78,47,71,44,46,82,76,47,53,54,82,55,68,84,76,90,52,84,83,61,71,44,83,,83,79,14,16,9,14,9
Anderson Talisca,82,CAM,80,82,81,83,54,75,,,,,,,75,80,77,84,76,82,86,87,82,84,84,76,87,78,75,84,65,82,75,87,67,52,86,79,75,77,,55,42,13,11,13,12,10
A. Correa,82,RM,84,80,75,87,54,70,,,,,,,74,82,67,77,79,87,82,65,65,87,86,82,89,82,87,80,49,79,64,83,78,48,83,80,55,76,,53,44,13,10,9,8,16
G. Rulli,82,GK,,,,,,,85,78,77,88,54,78,12,15,12,32,16,14,19,20,23,15,56,52,58,76,50,58,65,42,73,17,26,21,12,58,24,61,,13,17,85,78,77,78,88
N. PÃ©pÃ©,82,RW,89,78,75,84,33,66,,,,,,,78,77,57,74,70,85,79,79,67,81,88,90,89,83,79,80,68,79,68,77,43,28,80,80,85,77,,27,25,11,14,11,6,8
Marcos Llorente,82,SUB,84,74,79,81,78,82,,,,,,,73,74,67,84,62,82,73,58,82,83,79,88,75,84,69,75,66,86,81,74,83,82,82,80,64,82,,80,74,13,6,6,11,15
M. Perin,82,GK,,,,,,,82,82,71,87,56,79,11,11,12,33,19,19,15,13,31,23,57,56,70,77,30,53,75,30,52,17,25,19,12,44,21,65,,12,19,82,82,71,79,87
E. Can,82,RCB,74,78,79,80,83,87,,,,,,,71,76,81,84,71,82,77,64,83,79,66,81,73,81,75,85,87,88,86,81,88,84,78,79,60,83,,86,80,14,8,8,13,11
Pacheco,82,GK,,,,,,,81,79,71,84,45,83,14,16,10,28,13,13,20,20,29,15,48,42,62,78,53,53,73,43,75,15,29,26,14,53,23,62,,16,13,81,79,71,83,84
David Soria,82,GK,,,,,,,83,81,72,84,41,81,15,19,24,24,19,16,23,11,33,19,49,34,49,80,42,54,61,43,75,18,24,18,12,45,23,58,,13,13,83,81,72,81,84
Morata,82,RS,80,80,71,81,31,77,,,,,,,73,83,86,78,80,83,76,44,51,83,75,84,72,80,63,80,84,77,80,72,69,24,85,76,75,79,,14,20,4,5,4,4,5
Gabriel Paulista,82,RCB,68,49,71,65,84,83,,,,,,,67,42,81,80,48,60,57,46,74,69,69,68,66,81,65,61,83,80,82,50,87,87,51,65,51,69,,83,82,15,6,15,15,7
N. Pope,82,GK,,,,,,,79,81,75,84,48,83,11,14,11,32,14,15,13,12,35,24,50,47,36,75,42,56,72,37,73,15,36,21,13,43,22,62,,15,14,79,81,75,83,84
L. Ocampos,82,LW,82,83,78,83,63,84,,,,,,,79,85,77,80,81,84,80,65,72,84,80,83,79,85,64,84,80,91,81,79,82,72,84,79,79,82,,61,55,11,8,15,12,7
M. Ginter,82,RCB,61,58,70,65,85,78,,,,,,,68,55,84,78,53,61,44,42,71,74,54,66,55,85,49,74,69,74,83,46,72,84,55,69,67,71,,86,77,12,10,6,8,10
D. DjenÃ©,82,RCB,72,37,62,61,84,80,,,,,,,60,29,77,75,22,50,51,48,69,71,73,71,71,82,69,67,79,74,80,27,88,85,49,42,41,73,,86,83,7,15,7,10,10
J. Pavlenka,82,GK,,,,,,,84,76,68,87,36,76,11,16,14,28,19,12,10,14,17,19,35,37,39,80,27,51,36,20,68,17,22,13,14,25,18,39,,10,14,84,76,68,76,87
G. Buffon,82,SUB,,,,,,,77,76,74,78,33,91,13,15,13,37,17,26,20,13,35,28,37,30,55,80,49,56,71,34,69,13,38,28,12,50,22,70,,11,11,77,76,74,91,78
RaÃºl Albiol,82,RCB,45,41,62,63,86,75,,,,,,,38,27,77,74,31,59,53,45,72,71,48,43,53,82,55,65,76,56,81,53,81,86,30,64,37,75,,87,85,8,6,5,9,8
I. RakitiÄ‡,82,LCM,61,79,85,78,75,69,,,,,,,84,77,59,85,81,78,88,82,86,82,62,60,69,80,62,84,34,75,71,76,67,79,79,84,82,80,,77,72,14,11,12,5,9
M. Ã–zil,82,RES,64,69,85,83,24,55,,,,,,,81,68,51,88,78,82,84,75,82,88,67,61,75,81,71,70,45,62,56,67,44,24,80,90,67,83,,16,19,6,14,10,6,14
D. Payet,82,LW,70,79,84,85,39,67,,,,,,,85,78,59,84,77,86,85,82,81,85,72,69,83,80,80,80,42,70,71,80,57,37,81,85,82,80,,39,39,11,15,9,14,12
L. Bender,82,RB,60,64,72,72,84,77,,,,,,,71,58,78,78,57,71,49,47,74,76,62,59,64,85,64,74,75,77,76,71,78,85,69,75,52,83,,84,83,12,6,7,12,7
Sergio Asenjo,82,SUB,,,,,,,84,82,77,82,56,80,24,14,13,39,15,15,23,22,39,14,59,54,62,79,58,58,73,41,73,13,20,22,12,46,15,64,,15,14,84,82,77,80,82
Willian,82,SUB,82,79,80,85,49,59,,,,,,,76,77,31,80,59,88,83,84,77,82,86,78,86,80,79,84,32,77,59,81,45,55,79,83,79,79,,57,51,14,12,13,7,13
I. PeriÅ¡iÄ‡,82,SUB,79,81,78,78,62,76,,,,,,,83,80,80,79,81,79,73,75,74,79,78,79,76,79,73,84,85,81,76,80,65,69,85,76,76,80,,52,54,6,7,10,9,6
F. Muslera,82,GK,,,,,,,84,76,75,83,61,82,15,10,12,44,10,25,14,10,47,27,60,62,68,78,62,56,84,45,68,10,32,23,13,62,24,53,,16,16,84,76,75,82,83
J. Boateng,82,RCB,70,50,72,65,82,79,,,,,,,69,34,84,77,52,64,53,31,84,70,64,75,55,82,52,78,73,60,88,58,82,77,47,73,46,84,,87,84,7,12,15,6,5
M. ArnautoviÄ‡,82,ST,80,82,79,79,44,81,,,,,,,78,81,79,82,79,78,79,72,74,83,77,82,72,78,80,85,76,76,85,82,77,38,79,81,79,82,,42,39,14,15,10,10,15
A. Kolarov,82,SUB,68,74,81,76,82,77,,,,,,,90,60,80,78,64,80,85,88,77,77,69,67,61,83,58,95,79,79,73,86,86,82,78,77,80,90,,83,81,16,15,8,16,6
A. Ramsey,82,CAM,68,77,79,80,68,73,,,,,,,75,75,58,84,79,81,70,66,80,83,67,68,72,81,74,81,66,89,66,74,74,69,84,81,75,81,,72,68,6,11,5,10,8
Canales,82,RCM,78,80,83,83,65,68,,,,,,,79,82,46,83,63,83,82,81,82,84,78,78,82,83,76,78,39,76,68,81,63,77,85,87,74,79,,71,55,15,12,16,13,12
D. Blind,82,LCB,54,65,81,78,83,73,,,,,,,80,62,76,84,66,75,84,62,83,84,59,49,74,86,72,74,73,77,72,66,70,87,66,78,54,84,,84,80,12,9,10,14,10
MÃ¡rio Fernandes,82,RB,82,61,74,79,79,79,,,,,,,76,56,72,82,58,80,66,39,71,79,79,84,79,80,61,71,84,87,75,60,77,76,76,73,53,76,,81,83,12,13,14,13,12
O. Baumann,82,GK,,,,,,,81,80,79,82,49,79,14,11,16,30,11,19,12,11,25,17,47,51,45,82,43,59,73,39,69,13,32,21,10,41,22,52,,18,14,81,80,79,79,82
Neto,82,SUB,,,,,,,84,79,78,80,54,79,11,15,14,36,12,19,12,13,41,24,56,52,59,78,49,59,83,41,63,20,40,15,11,42,22,64,,14,15,84,79,78,79,80
Rodrigo,82,SUB,91,79,76,81,44,71,,,,,,,77,80,80,81,77,81,83,67,58,82,90,91,79,83,74,82,77,75,69,76,68,31,83,81,77,80,,41,40,7,13,10,11,5
J. RodrÃ­guez,82,RW,53,86,85,86,50,63,,,,,,,90,84,62,83,90,86,89,86,81,90,55,52,78,84,76,86,46,65,64,92,60,55,80,83,81,87,,41,44,15,15,15,5,14
Danilo Pereira,82,LCM,66,63,72,73,80,85,,,,,,,58,57,76,83,55,75,54,53,80,78,63,68,57,75,60,74,62,84,89,68,82,81,71,72,57,84,,83,68,9,7,13,14,15
A. MarchesÃ­n,82,GK,,,,,,,82,78,76,86,53,81,18,14,11,37,15,24,16,15,34,20,55,52,68,82,60,57,75,38,59,12,45,15,18,65,14,64,,15,15,82,78,76,81,86
K. Bellarabi,82,RM,90,76,74,85,34,72,,,,,,,78,74,48,78,73,86,71,58,59,84,91,90,86,82,78,84,75,74,70,79,72,38,78,78,57,78,,30,33,10,12,7,11,10
T. VaclÃ­k,82,GK,,,,,,,82,76,76,85,37,81,15,14,19,17,13,14,17,16,38,20,36,37,36,79,56,57,73,38,73,16,29,23,15,68,13,60,,18,18,82,76,76,81,85
F. Thauvin,82,RW,82,80,81,82,41,68,,,,,,,82,79,72,83,75,82,84,72,76,84,84,80,85,83,70,83,78,81,66,80,56,42,83,80,78,81,,29,31,8,11,14,10,9
Y. Carrasco,82,RES,91,81,75,84,36,65,,,,,,,76,81,53,76,68,86,81,79,73,82,90,91,90,80,71,85,71,76,59,82,64,18,79,69,81,77,,39,26,9,11,9,10,10
Q. Promes,82,CAM,89,80,79,82,46,71,,,,,,,81,81,66,79,69,83,75,76,73,81,87,90,85,83,78,82,79,82,64,79,72,38,82,82,74,81,,48,40,10,13,6,7,13
M. Halstenberg,82,LCB,66,66,73,72,81,80,,,,,,,82,59,81,77,60,71,77,75,64,75,67,66,65,80,61,79,85,83,79,69,77,78,63,64,73,74,,82,76,9,15,14,10,16
A. KramariÄ‡,82,LW,71,85,73,85,30,71,,,,,,,76,86,69,79,85,86,79,74,53,85,76,67,83,83,84,83,69,76,67,85,73,21,85,72,90,82,,20,26,8,14,14,7,15
R. Gosens,82,LM,83,74,78,77,77,80,,,,,,,82,77,78,80,71,78,70,58,77,79,84,82,70,84,66,76,91,86,76,68,80,77,84,77,50,75,,78,79,7,16,15,16,10
Raphaelito Anjos,82,GK,,,,,,,79,84,77,78,42,83,10,8,11,18,8,9,9,18,16,21,41,42,34,82,41,58,67,29,79,7,34,23,27,71,14,67,,17,13,79,84,77,83,78
JosuÃ© Chiamulera,82,RCB,78,43,56,64,85,79,,,,,,,40,38,83,74,44,56,45,49,61,70,80,76,76,85,57,53,73,77,76,41,88,84,38,42,56,71,,87,82,16,15,13,15,10
JoÃ£o FÃ©lix,81,LS,81,81,74,83,40,69,,,,,,,73,82,69,77,80,83,81,64,67,83,79,83,85,83,80,82,79,75,64,81,69,38,84,78,68,82,,42,35,13,12,14,13,14
A. Davies,81,LB,96,67,69,83,76,76,,,,,,,73,67,64,77,59,85,67,44,58,79,96,96,85,79,82,71,77,79,74,63,77,76,75,68,60,74,,77,79,11,11,6,5,14
H. Aouar,81,LCM,76,75,80,84,66,69,,,,,,,68,76,59,85,68,85,80,70,80,85,78,74,82,80,83,73,64,76,67,75,67,69,78,84,71,82,,68,58,14,6,11,7,10
Cucurella,81,LM,81,67,78,80,73,74,,,,,,,80,67,57,81,55,79,78,48,79,80,80,81,78,82,84,73,77,88,66,65,76,73,79,78,47,74,,78,77,13,7,9,10,11
Ferran Torres,81,SUB,82,76,78,80,34,64,,,,,,,77,77,70,80,72,82,71,48,78,79,88,77,80,76,68,76,75,73,66,75,45,34,77,86,66,82,,24,28,12,9,11,15,12
Richarlison,81,LW,83,78,72,81,50,80,,,,,,,73,82,81,77,74,84,74,65,61,80,79,86,78,80,72,82,83,82,77,68,82,40,82,74,75,81,,52,46,12,7,8,11,13
M. Diaby,81,LM,93,66,74,85,43,53,,,,,,,74,71,28,79,63,87,66,41,73,80,96,90,90,76,92,73,62,69,44,54,54,48,74,77,42,75,,39,46,8,9,8,8,14
GonÃ§alo Guedes,81,LM,87,79,76,81,36,69,,,,,,,78,76,60,77,71,83,76,70,69,80,85,88,80,82,77,84,63,73,68,84,67,50,77,77,69,80,,34,30,9,12,11,9,9
C. Pulisic,81,SUB,89,70,72,85,37,59,,,,,,,72,72,50,77,70,86,69,58,59,83,91,87,87,79,86,77,79,77,54,58,45,33,77,78,61,72,,32,47,8,12,13,16,14
RÃºben Dias,81,RCB,65,38,54,59,83,84,,,,,,,34,29,82,73,30,57,33,26,72,62,63,67,54,78,56,74,78,86,80,22,92,82,39,40,45,79,,84,81,7,8,13,7,12
Renan Lodi,81,LB,84,67,76,81,75,75,,,,,,,81,64,68,76,59,81,81,57,75,81,85,83,83,80,82,76,76,84,69,68,78,76,76,73,54,79,,77,78,12,7,11,10,15
O. Vlachodimos,81,GK,,,,,,,84,76,67,86,43,77,15,12,13,27,14,13,17,13,24,23,42,44,67,83,38,50,74,39,68,16,32,23,14,46,18,56,,14,12,84,76,67,77,86
Everton,81,LM,86,75,73,85,32,60,,,,,,,74,76,45,75,71,87,76,56,67,81,89,84,87,81,84,75,61,75,60,75,43,36,83,75,64,79,,33,29,13,16,15,14,15
T. SouÄek,81,LDM,65,69,73,73,80,83,,,,,,,69,68,79,80,59,74,63,53,76,76,61,69,66,79,60,70,78,92,83,70,73,83,71,71,70,77,,80,79,11,13,5,6,8
A. Cragno,81,GK,,,,,,,84,78,69,88,39,76,15,12,12,26,13,13,11,12,25,21,41,37,37,71,43,52,74,43,55,17,33,19,15,42,31,59,,11,12,84,78,69,76,88
M. DembÃ©lÃ©,81,LS,81,79,62,76,30,83,,,,,,,50,85,81,72,72,75,69,41,48,77,78,84,74,82,68,82,85,85,85,66,75,22,84,69,76,76,,14,16,7,13,11,10,8
T. Lemar,81,SUB,80,76,81,84,59,62,,,,,,,83,75,54,81,76,84,85,81,75,85,81,79,88,77,83,79,69,74,54,77,63,66,77,81,68,79,,59,63,11,15,13,7,14
Y. Tielemans,81,RCM,64,78,82,79,69,71,,,,,,,79,73,64,84,78,78,81,78,82,83,68,60,69,78,77,86,63,78,69,84,67,73,80,83,72,83,,71,67,6,8,10,14,12
J. Maddison,81,LCM,75,76,84,82,54,58,,,,,,,81,72,35,84,70,81,85,84,82,84,76,74,86,75,83,82,54,75,49,81,62,44,79,88,74,82,,65,42,11,14,14,12,14
N. KeÃ¯ta,81,SUB,71,73,76,87,65,66,,,,,,,62,74,42,85,71,87,64,70,76,88,77,66,89,81,90,76,52,79,57,73,78,76,74,80,58,81,,64,62,7,14,15,14,9
L. Torreira,81,SUB,74,67,75,79,79,74,,,,,,,71,61,59,80,65,77,70,72,75,79,76,72,85,78,90,78,52,83,67,74,86,83,68,74,48,78,,83,77,5,5,13,7,9
P. Kimpembe,81,LCB,73,39,67,67,82,84,,,,,,,62,31,78,79,33,60,50,32,75,78,72,74,69,77,60,55,78,80,84,39,88,83,39,60,50,80,,84,81,7,8,14,15,9
B. Pavard,81,RB,69,53,73,71,81,76,,,,,,,77,43,82,78,70,68,63,51,79,77,68,69,66,80,66,71,86,79,75,53,73,84,58,66,51,78,,79,81,9,7,15,7,15
B. Chilwell,81,SUB,76,52,74,78,77,75,,,,,,,78,47,68,76,42,78,67,67,70,81,77,76,70,80,72,72,82,88,69,40,72,78,74,72,52,74,,79,82,10,7,14,7,10
Raphinha,81,RW,91,75,74,83,49,71,,,,,,,76,72,45,74,72,84,81,72,66,80,91,91,86,82,79,80,74,83,64,74,74,55,81,75,73,79,,54,38,8,7,13,8,14
B. Mendy,81,LB,80,54,77,77,77,77,,,,,,,87,39,65,80,38,79,80,44,69,78,75,84,68,80,65,79,71,75,79,65,75,78,73,76,50,79,,79,80,7,7,9,15,9
J. Pickford,81,GK,,,,,,,81,77,87,85,48,77,17,19,15,55,20,14,18,16,56,40,53,44,55,80,55,65,77,45,70,13,42,24,18,68,45,64,,20,12,81,77,87,77,85
A. Milik,81,SUB,68,85,64,76,39,73,,,,,,,58,88,80,66,78,76,74,84,62,81,65,70,66,77,63,86,63,67,79,82,67,36,85,60,79,78,,34,32,9,16,16,15,6
Jonny,81,LWB,77,53,71,76,79,70,,,,,,,78,49,69,76,44,76,66,54,64,77,76,78,72,78,79,68,76,82,59,47,82,79,67,68,46,74,,81,80,7,10,12,10,6
W. BenÃ­tez,81,GK,,,,,,,80,79,77,83,48,80,12,14,13,26,13,15,19,17,27,14,48,48,48,75,45,58,62,42,80,14,28,21,18,46,25,62,,20,17,80,79,77,80,83
J. Correa,81,LS,84,75,77,86,39,69,,,,,,,74,77,68,81,75,88,81,63,74,86,81,86,84,80,67,79,63,76,74,71,48,36,79,78,57,73,,37,26,11,10,7,8,8
IÃ±aki Williams,81,RW,94,79,72,78,39,81,,,,,,,76,79,73,74,74,81,76,53,66,76,93,94,77,78,64,85,88,83,82,78,75,21,85,73,64,81,,34,29,14,15,14,10,13
D. SÃ¡nchez,81,SUB,74,45,56,65,82,81,,,,,,,36,40,80,74,28,63,30,27,67,71,68,79,60,78,55,66,75,73,83,44,87,81,34,49,44,75,,83,86,9,7,10,6,15
A. RÃ¼diger,81,SUB,70,43,67,63,82,80,,,,,,,68,32,81,75,34,60,35,56,72,69,63,76,57,81,50,72,77,68,82,44,89,80,39,57,40,72,,85,82,14,15,10,12,8
S. Haller,81,SUB,70,80,62,75,51,82,,,,,,,42,84,86,74,83,74,57,46,48,80,64,74,67,83,53,81,80,72,89,65,76,36,83,75,91,81,,61,55,6,7,14,7,6
L. Shaw,81,LB,78,53,74,78,80,78,,,,,,,75,44,78,78,54,78,76,54,69,79,78,78,75,80,74,70,81,76,77,54,82,78,74,75,44,78,,81,79,10,12,13,7,7
Fred,81,SUB,79,71,79,83,75,70,,,,,,,74,69,53,80,70,82,75,74,81,83,79,79,86,84,87,78,80,87,56,70,81,82,70,81,66,84,,79,72,7,16,15,11,15
Paco AlcÃ¡cer,81,LS,78,84,67,80,35,62,,,,,,,53,85,78,78,85,78,85,85,51,82,79,77,82,85,82,82,67,62,63,84,57,26,86,67,71,84,,24,22,12,14,14,8,5
S. SaviÄ‡,81,SUB,61,35,54,56,84,72,,,,,,,35,34,84,71,27,47,34,28,69,67,60,62,60,80,45,43,86,48,79,31,82,84,29,41,37,75,,83,82,14,13,14,13,12
E. Andrada,81,GK,,,,,,,77,79,82,83,44,82,15,14,13,37,18,16,14,15,38,23,45,44,34,74,43,62,57,45,62,13,24,25,19,53,19,44,,20,14,77,79,82,82,83
J. MartÃ­nez,81,RES,89,80,61,79,25,75,,,,,,,53,85,77,69,75,76,68,57,55,79,87,90,91,81,92,84,90,72,78,66,66,20,85,58,79,75,,20,15,12,14,14,12,8
A. Rabiot,81,RCM,72,74,78,79,77,79,,,,,,,70,69,77,84,72,78,73,59,79,84,69,74,75,83,72,80,73,77,82,79,76,80,76,80,67,81,,81,75,9,12,9,7,15
M. DmitroviÄ‡,81,GK,,,,,,,78,80,79,82,37,81,30,20,20,40,20,8,20,9,40,9,39,35,32,76,37,59,50,45,79,17,20,17,9,45,9,59,,22,20,78,80,79,81,82
M. Lazzari,81,RM,89,62,77,82,54,63,,,,,,,83,67,44,77,59,82,68,58,75,81,91,87,85,77,89,53,39,86,56,57,56,55,74,77,55,76,,53,48,14,6,11,5,11
Iniesta,81,LCM,58,70,85,85,63,59,,,,,,,75,69,54,90,79,85,80,70,83,90,61,56,79,75,75,67,40,58,62,70,58,70,78,93,71,89,,57,56,6,13,6,13,7
Pepe,81,LCB,66,51,60,60,82,85,,,,,,,46,46,82,73,23,58,44,47,73,62,63,69,62,79,48,63,88,82,83,56,91,76,40,48,57,79,,83,82,8,15,5,9,10
A. Gignac,81,ST,67,83,74,74,43,83,,,,,,,72,85,79,75,79,76,77,70,70,76,69,66,66,78,57,84,72,71,91,79,80,51,81,76,80,82,,41,23,10,15,14,11,11
H. Herrera,81,SUB,71,75,75,76,78,83,,,,,,,65,72,61,81,59,76,67,63,77,78,70,71,72,82,69,81,76,94,78,78,84,82,82,78,67,75,,82,67,6,10,15,7,16
F. RibÃ©ry,81,LS,74,74,82,86,30,53,,,,,,,80,74,41,83,79,87,83,81,77,87,75,73,83,83,87,75,33,54,56,71,51,33,78,84,78,85,,25,26,15,6,9,7,10
A. Consigli,81,GK,,,,,,,81,82,72,83,40,80,10,10,10,31,19,10,15,15,27,23,48,34,57,75,40,54,80,31,51,19,11,15,10,46,21,63,,17,19,81,82,72,80,83
L. FabiaÅ„ski,81,GK,,,,,,,80,82,70,82,48,81,14,13,11,20,17,14,18,12,32,22,50,47,53,75,44,53,69,25,65,20,43,16,15,52,22,63,,12,13,80,82,70,81,82
S. Ruffier,81,RES,,,,,,,80,81,74,81,48,82,11,11,12,33,13,12,17,12,34,15,45,50,51,78,55,56,72,37,76,11,31,25,12,49,25,66,,12,11,80,81,74,82,81
M. HamÅ¡Ã­k,81,LCM,70,77,82,81,72,72,,,,,,,78,74,74,84,77,81,80,70,82,85,69,70,76,81,72,82,72,76,75,78,60,72,82,84,70,84,,70,62,8,6,4,14,14
S. Mignolet,81,GK,,,,,,,80,75,76,82,51,84,11,11,16,37,16,14,16,12,34,26,50,52,34,74,52,57,69,31,72,16,34,21,14,43,41,61,,14,16,80,75,76,84,82
Marcano,81,SUB,65,46,60,59,84,76,,,,,,,49,43,83,75,34,54,39,37,68,64,64,65,57,80,56,65,91,71,75,42,83,84,30,48,45,72,,83,80,8,16,7,14,16
S. Bender,81,LCB,66,52,63,60,84,77,,,,,,,43,39,78,78,59,58,33,30,70,60,62,69,63,80,61,73,76,75,76,62,83,85,50,65,34,81,,84,83,13,7,8,14,15
Javi MartÃ­nez,81,SUB,37,55,69,63,84,80,,,,,,,58,43,85,77,58,61,46,45,75,72,34,39,47,83,45,76,81,67,83,62,86,84,54,74,52,78,,84,84,5,12,9,11,8
S. Khedira,81,RES,45,74,77,77,79,78,,,,,,,72,68,76,83,78,80,64,60,81,82,41,49,53,81,54,82,66,65,85,78,82,82,78,78,68,84,,80,74,11,9,5,15,8
M. Kruse,81,LS,66,81,81,82,45,70,,,,,,,79,80,63,83,80,82,82,69,80,84,67,65,73,83,77,81,65,73,73,79,62,34,85,85,92,87,,38,29,12,7,5,13,9
Marlos,81,RM,80,78,78,86,47,69,,,,,,,75,79,53,80,68,87,82,72,73,88,81,80,85,75,84,77,66,73,72,78,58,51,72,82,80,84,,46,42,6,13,13,8,9
Taison,81,LM,92,78,75,86,47,67,,,,,,,73,74,56,77,82,87,58,74,75,85,93,91,90,74,83,83,62,78,67,83,56,49,73,79,72,82,,53,40,7,7,11,15,13
E. Salvio,81,RM,86,76,73,84,58,69,,,,,,,74,75,73,76,72,86,79,64,66,84,89,84,84,77,79,80,85,76,63,72,69,60,83,74,76,84,,60,56,9,11,9,5,14
Marcos Alonso,81,LB,65,75,78,77,77,79,,,,,,,83,71,83,83,76,78,85,86,71,83,67,63,64,82,57,84,73,91,76,77,75,74,77,67,64,75,,81,78,9,7,13,9,12
J. Cuadrado,81,RM,89,72,78,88,72,64,,,,,,,83,64,67,81,70,90,78,69,69,85,88,90,91,81,81,84,74,71,54,80,78,68,78,76,65,80,,78,81,5,5,13,6,9
T. Delaney,81,SUB,77,73,73,74,82,82,,,,,,,67,72,83,76,66,74,71,68,79,75,77,77,73,80,72,78,91,89,77,74,84,86,75,73,60,78,,81,84,8,12,11,14,15
X. Shaqiri,81,RES,78,77,80,83,46,67,,,,,,,79,70,45,80,76,84,88,84,79,82,79,77,83,78,91,87,51,66,71,84,61,55,75,80,65,81,,49,48,13,12,12,11,11
K. Kampl,81,SUB,69,67,80,85,63,62,,,,,,,72,62,34,84,68,85,80,75,78,84,81,59,90,82,82,69,67,86,47,74,66,75,72,82,64,84,,63,59,13,11,7,6,16
S. Coates,81,CB,59,43,54,61,83,86,,,,,,,17,42,82,72,39,64,39,19,70,68,55,63,32,75,31,50,50,77,94,30,84,81,49,60,72,73,,84,85,16,13,15,16,13
Jonathan Viera,81,CAM,81,75,81,82,63,69,,,,,,,73,76,65,84,65,85,77,79,82,78,84,78,90,78,71,70,63,78,67,81,62,66,79,83,74,78,,63,55,16,16,9,14,9
Pablo Sarabia,81,SUB,73,76,82,83,57,57,,,,,,,83,77,61,83,64,84,84,74,78,84,74,73,78,78,80,76,31,71,57,77,46,58,80,84,69,74,,54,49,16,7,15,6,14
Jordi Masip,81,GK,,,,,,,82,82,72,84,65,77,20,12,13,42,19,17,21,20,38,25,65,65,70,77,67,54,85,41,54,13,21,16,11,62,12,65,,14,13,82,82,72,77,84
J. Cillessen,81,GK,,,,,,,81,80,77,79,53,80,17,10,12,50,19,12,10,10,35,32,56,50,48,79,50,58,71,40,67,15,25,25,11,60,21,61,,12,11,81,80,77,80,79
S. Berghuis,81,RW,80,80,83,82,36,64,,,,,,,83,78,48,82,75,81,86,76,82,85,83,77,85,78,75,82,55,77,58,84,63,37,78,84,82,80,,36,30,9,11,7,7,15
K. Volland,81,SUB,73,84,79,79,41,84,,,,,,,78,84,71,81,83,79,79,80,72,79,76,70,74,82,82,87,76,88,84,84,80,45,82,81,72,80,,50,33,8,7,9,7,12
Ismaily,81,LB,82,64,74,81,75,75,,,,,,,80,60,59,81,55,83,65,50,67,81,84,80,72,81,82,75,59,88,75,65,63,79,82,71,51,79,,74,75,8,8,14,11,10
M. Doherty,81,RB,72,64,73,75,76,79,,,,,,,80,62,74,78,46,74,63,45,69,79,69,75,67,81,68,76,82,93,72,63,76,76,77,68,48,70,,78,75,15,8,12,11,9
Felipe Anderson,81,SUB,89,75,78,86,55,60,,,,,,,79,70,44,79,73,87,77,69,76,84,88,89,89,75,87,85,33,68,55,81,67,69,75,77,53,84,,59,46,12,10,9,5,7
T. Meunier,81,RM,77,73,76,74,77,84,,,,,,,81,70,75,80,77,75,74,56,74,79,73,80,63,80,47,77,72,92,85,77,73,76,78,71,65,77,,79,77,8,13,15,6,9
Suso,81,RW,76,75,82,86,33,53,,,,,,,84,70,50,84,72,87,87,80,75,88,79,74,80,77,83,78,51,74,55,87,23,20,75,82,72,76,,23,18,15,15,9,8,9
A. Florenzi,81,RB,81,77,76,79,77,73,,,,,,,76,70,72,76,87,77,73,78,75,78,83,79,86,79,81,82,74,86,63,82,79,78,82,76,75,80,,79,78,9,8,10,11,10
S. Arias,81,SUB,81,53,70,76,77,78,,,,,,,77,51,69,75,43,74,47,54,72,77,77,85,78,78,74,56,81,93,69,50,80,77,70,64,56,76,,79,78,14,7,14,15,16
E. Zahavi,81,LS,79,82,75,83,39,73,,,,,,,69,86,69,78,77,82,74,78,69,83,76,81,89,82,75,79,85,77,76,81,58,38,83,81,75,74,,41,34,13,12,13,8,16
M. de Roon,81,RCM,64,68,72,72,82,80,,,,,,,68,60,75,78,64,71,61,48,75,76,66,63,61,82,73,76,79,90,74,77,85,84,67,73,80,81,,82,81,14,15,7,12,12
I. FernÃ¡ndez,81,CM,76,78,81,82,70,74,,,,,,,77,78,65,82,73,83,83,78,77,81,75,77,81,81,71,77,56,85,70,80,77,70,83,85,73,85,,73,67,7,8,14,10,12
Capa,81,RB,83,65,77,79,75,88,,,,,,,81,56,60,80,54,78,80,58,67,78,82,83,80,76,86,83,81,93,86,67,86,77,78,78,54,78,,78,76,12,13,6,12,11
M. Politano,81,RW,83,77,78,84,42,55,,,,,,,80,76,40,79,75,83,79,77,76,84,84,82,89,81,87,78,51,77,41,82,63,38,76,77,70,79,,29,29,11,12,6,8,11
W. Weghorst,81,ST,65,82,59,69,39,85,,,,,,,42,86,88,76,80,65,40,37,48,79,57,72,63,83,44,84,79,85,86,70,83,34,85,65,77,83,,32,25,11,9,14,16,12
Juiano Mestres,81,,71,61,57,62,82,80,,,,,,,40,56,83,67,63,60,72,58,58,64,68,74,61,78,63,74,91,76,79,61,86,82,58,50,62,70,,85,84,18,12,14,11,18
Adryan Zonta,81,LB,93,66,75,76,72,77,,,,,,,81,59,66,81,64,77,70,66,71,72,92,93,81,82,78,73,75,91,73,73,69,74,69,64,65,74,,72,69,12,15,9,10,14
Rosberto Dourado,81,RCM,77,57,74,76,82,68,,,,,,,61,53,70,82,57,77,54,57,78,76,75,78,72,80,77,60,40,91,56,59,75,82,58,77,77,81,,86,80,15,14,14,10,9
Louri Beretta,81,ST,78,84,62,72,33,71,,,,,,,56,85,83,73,82,75,59,67,47,74,74,82,60,84,47,85,85,52,82,82,65,32,83,58,77,79,,27,24,8,11,20,19,20
Welington Dano,81,,79,54,76,78,75,74,,,,,,,82,51,69,78,47,77,83,52,71,78,78,80,83,80,81,55,71,89,68,53,69,77,72,75,61,82,,77,81,16,15,15,7,7
Nuno Padrenda,81,LCM,82,73,77,82,52,70,,,,,,,67,72,64,85,63,84,70,67,83,85,85,79,75,80,67,75,68,75,74,79,54,53,82,75,55,78,,52,42,8,9,12,8,8
Oswaldinato,81,ST,76,81,67,77,20,78,,,,,,,68,85,82,71,72,78,59,49,60,77,77,76,75,82,66,79,81,72,87,76,62,11,85,70,87,78,,11,18,9,12,7,8,7
VinÃ­cius Jr.,80,SUB,95,69,71,87,29,66,,,,,,,71,68,50,72,70,88,77,62,67,85,95,95,94,75,82,73,75,79,62,68,58,26,75,73,65,74,,25,18,5,7,7,7,10
N. Barella,80,RCM,78,67,79,82,74,72,,,,,,,76,63,40,82,65,83,75,67,78,83,80,76,78,79,83,72,62,87,62,66,82,79,75,79,73,80,,80,78,11,5,13,14,11
N. Mukiele,80,SUB,83,42,69,72,80,77,,,,,,,74,30,74,73,35,73,69,33,70,74,77,87,68,73,65,57,90,75,79,52,72,83,59,64,45,72,,85,82,10,7,14,11,15
M. Mount,80,LM,74,77,79,80,48,61,,,,,,,77,78,59,81,61,79,79,82,74,82,78,70,79,80,76,78,50,78,52,79,66,48,79,81,60,77,,53,34,11,12,13,8,12
D. Henderson,80,RES,,,,,,,80,80,70,83,49,77,14,9,13,32,5,13,13,10,40,32,51,48,61,79,56,53,63,34,60,6,21,11,8,33,16,56,,14,14,80,80,70,77,83
T. Ndombele,80,SUB,74,66,80,87,69,72,,,,,,,69,59,56,84,59,88,74,65,81,86,79,69,84,82,86,80,60,58,79,68,75,72,69,87,60,87,,73,69,8,10,13,8,7
Ã‰der MilitÃ£o,80,SUB,78,50,66,71,81,81,,,,,,,72,48,77,70,34,70,60,40,69,71,77,79,69,81,67,62,85,85,77,42,83,82,64,59,60,74,,82,81,11,8,15,12,15
A. Saint-Maximin,80,RW,93,70,72,88,25,63,,,,,,,70,67,53,76,59,91,73,58,66,83,93,93,93,77,87,80,67,77,66,71,36,17,74,73,58,82,,18,23,10,9,12,7,7
Diogo Jota,80,SUB,83,77,71,84,53,77,,,,,,,68,77,52,72,75,84,76,58,68,84,88,79,87,82,86,82,66,79,73,74,85,54,82,74,63,84,,54,44,7,12,15,9,11
Merino,80,LCM,70,76,78,82,77,78,,,,,,,73,77,75,81,58,83,75,69,78,82,69,71,76,82,74,82,81,79,78,76,75,83,78,81,58,80,,80,73,9,12,9,13,14
M. Thuram,80,LM,84,80,70,80,48,77,,,,,,,74,82,75,74,70,85,66,30,59,79,79,88,74,79,54,83,68,79,86,75,53,45,80,76,70,74,,49,37,11,13,14,9,15
Unai SimÃ³n,80,GK,,,,,,,81,77,68,80,47,83,16,14,18,29,17,12,20,14,21,16,46,48,32,70,47,51,60,45,76,13,27,26,14,31,24,48,,18,12,81,77,68,83,80
C. Nkunku,80,LAM,78,74,80,85,69,65,,,,,,,81,74,59,82,59,86,81,76,77,84,79,77,85,77,83,79,59,74,63,76,62,69,78,79,65,79,,72,70,5,6,10,15,7
N. VlaÅ¡iÄ‡,80,CAM,83,75,76,82,48,71,,,,,,,71,74,65,80,66,85,66,58,77,79,82,83,78,78,88,77,55,80,69,81,68,26,77,81,66,77,,55,37,6,14,15,9,14
D. LivakoviÄ‡,80,GK,,,,,,,80,78,74,82,55,79,13,12,13,46,10,19,12,11,56,28,57,54,65,80,30,56,61,32,75,9,26,21,11,60,15,64,,20,21,80,78,74,79,82
V. Tsygankov,80,RM,85,73,78,80,45,57,,,,,,,77,75,45,80,68,80,72,76,73,81,84,85,82,78,73,70,50,74,49,74,57,39,75,80,73,76,,36,37,9,7,15,6,12
HÃ©ctor BellerÃ­n,80,RWB,85,51,70,77,76,65,,,,,,,75,52,60,77,41,77,63,50,59,77,84,86,78,79,77,52,64,75,58,43,72,78,67,66,62,70,,78,79,8,14,14,13,12
AngeliÃ±o,80,LB,73,66,80,81,75,72,,,,,,,86,59,59,79,62,82,83,76,78,81,86,63,76,78,85,80,73,87,62,67,78,79,75,79,55,69,,77,74,13,6,13,13,13
L. Klostermann,80,RB,84,51,66,71,82,77,,,,,,,72,59,78,74,41,71,45,22,63,73,79,88,63,81,60,58,82,82,75,31,72,81,70,62,26,68,,81,85,8,12,10,7,7
Dani Ceballos,80,RCM,69,70,79,83,69,70,,,,,,,74,68,41,82,62,83,77,63,80,85,72,67,78,80,79,76,51,77,65,73,76,76,76,82,55,80,,75,74,12,15,16,7,13
O. Zinchenko,80,SUB,73,66,81,80,77,69,,,,,,,82,59,70,83,61,79,80,74,78,82,75,72,78,78,78,77,72,76,63,71,73,77,75,79,59,76,,79,75,15,11,13,11,11
L. Bailey,80,SUB,94,76,73,83,33,64,,,,,,,73,74,57,73,74,84,77,79,65,80,93,95,86,79,84,79,77,75,59,77,58,21,79,76,71,75,,25,18,12,13,6,15,14
C. SÃ¶yÃ¼ncÃ¼,80,LCB,69,46,60,67,80,80,,,,,,,46,39,75,76,48,65,39,39,64,71,65,72,64,77,57,65,76,68,82,44,89,79,42,55,52,76,,84,80,6,7,7,7,7
L. JoviÄ‡,80,SUB,75,81,68,80,29,74,,,,,,,67,85,77,73,83,80,77,46,58,81,74,76,76,80,77,82,75,75,79,75,62,23,82,70,66,79,,26,16,8,7,12,9,13
T. HernÃ¡ndez,80,LB,92,67,73,77,74,77,,,,,,,80,65,72,78,66,79,63,64,60,76,90,93,75,76,61,75,61,80,78,69,75,69,76,70,41,77,,78,79,12,10,7,7,7
M. Arambarri,80,RDM,52,58,71,72,78,76,,,,,,,59,49,62,80,43,69,66,46,79,79,50,54,58,78,75,77,57,74,76,63,83,79,60,68,50,65,,80,79,7,13,13,15,7
David Neres,80,LAM,86,73,73,86,36,65,,,,,,,67,75,45,78,72,86,70,52,69,85,86,86,90,78,86,74,56,73,64,67,58,35,77,81,69,80,,32,32,14,10,5,13,6
M. GÃ³mez,80,LS,68,81,68,73,32,82,,,,,,,59,84,87,73,75,72,75,57,64,77,67,68,67,80,60,81,83,79,87,74,74,21,87,70,72,82,,20,23,7,8,13,12,6
P. HÃ¸jbjerg,80,RDM,61,70,76,75,77,80,,,,,,,66,63,63,81,60,76,70,76,79,79,58,63,65,79,64,84,63,85,78,79,85,78,69,75,51,72,,80,72,9,7,12,11,11
V. LindelÃ¶f,80,RCB,64,50,72,72,81,77,,,,,,,62,42,77,79,38,71,64,59,78,76,62,66,65,83,62,70,76,77,75,52,81,81,51,72,54,83,,83,80,12,16,8,7,9
Ãlex Remiro,80,GK,,,,,,,83,72,78,81,43,81,12,13,13,34,15,19,14,17,29,23,40,46,69,73,40,59,66,42,73,11,34,20,11,35,24,55,,17,18,83,72,78,81,81
J. Stones,80,SUB,68,36,69,71,82,77,,,,,,,62,29,81,80,27,69,47,29,75,80,64,71,60,78,59,46,81,77,77,38,78,80,49,67,44,76,,84,81,7,15,11,10,8
K. Zouma,80,LCB,67,51,61,56,80,84,,,,,,,49,47,80,67,47,50,60,59,64,63,60,73,52,76,52,63,90,66,92,49,84,79,49,60,59,69,,81,78,14,14,7,9,15
J. Grealish,80,LW,76,74,80,84,46,61,,,,,,,78,73,36,81,72,85,76,74,77,82,78,74,85,79,82,75,37,76,61,77,48,44,76,83,58,82,,49,43,11,6,11,10,13
A. Januzaj,80,SUB,78,75,78,83,30,58,,,,,,,82,77,42,79,70,86,80,70,74,82,80,76,80,77,77,74,61,71,58,77,41,36,78,76,60,73,,23,22,15,10,11,12,7
A. Belotti,80,LS,76,81,57,77,41,81,,,,,,,42,88,84,68,82,78,64,56,42,75,76,76,78,76,75,81,83,80,80,67,83,31,85,61,77,75,,23,32,13,7,12,14,7
P. ZieliÅ„ski,80,LCM,79,72,81,83,70,60,,,,,,,77,68,52,84,75,85,80,65,80,85,77,81,78,76,76,76,52,71,56,82,56,75,77,83,51,75,,72,71,12,9,12,11,6
OtÃ¡vio,80,RM,76,69,78,85,55,65,,,,,,,79,68,56,77,63,86,80,72,75,85,78,74,85,81,80,73,45,74,58,68,75,52,76,80,72,80,,52,43,11,12,9,10,15
D. Rugani,80,SUB,61,39,55,64,84,72,,,,,,,40,33,82,69,35,64,45,25,65,65,58,63,60,78,55,58,83,62,76,39,72,86,28,50,36,70,,83,80,5,10,5,5,5
J. Musso,80,GK,,,,,,,82,77,74,84,44,80,20,18,15,31,15,16,16,12,24,20,46,42,32,68,39,56,51,35,70,14,27,18,19,48,25,67,,14,16,82,77,74,80,84
C. Tolisso,80,SUB,72,77,78,78,76,77,,,,,,,67,75,82,82,62,76,66,73,84,82,72,72,75,82,74,82,83,77,75,81,81,76,79,80,70,74,,77,71,7,10,14,9,14
H. Lozano,80,SUB,93,75,71,81,41,64,,,,,,,73,75,58,73,74,81,72,65,65,80,93,93,90,79,76,76,67,76,57,73,64,45,78,72,73,74,,35,29,11,10,14,14,10
V. Rongier,80,RCM,61,73,76,80,75,63,,,,,,,62,71,40,83,74,79,76,69,81,82,65,57,77,75,90,75,75,80,58,78,52,81,73,77,65,78,,84,71,11,8,12,7,11
Gelson Martins,80,RW,94,71,72,86,51,61,,,,,,,76,69,51,75,74,87,82,60,55,81,94,94,94,75,92,77,65,86,48,69,60,50,75,75,66,82,,51,48,12,9,7,6,9
Yeray,80,RCB,68,49,58,61,82,76,,,,,,,48,41,75,73,55,53,56,50,70,73,66,70,53,80,75,69,89,69,77,43,80,85,39,34,61,78,,81,83,12,9,8,12,11
Mario Hermoso,80,SUB,75,49,72,71,80,79,,,,,,,71,42,75,77,41,66,68,55,76,76,73,77,75,80,65,65,86,76,79,46,81,81,64,65,45,76,,82,80,13,8,10,5,8
M. Ryan,80,GK,,,,,,,81,75,82,82,52,78,23,11,14,40,15,13,23,12,45,24,53,52,53,74,50,62,78,34,65,18,36,23,10,68,25,64,,20,17,81,75,82,78,82
M. Hinteregger,80,LCB,71,70,65,60,81,82,,,,,,,53,65,84,67,64,54,58,63,81,65,65,75,64,76,63,83,86,76,84,71,82,77,67,65,61,74,,84,83,14,14,9,13,10
F. Bernardeschi,80,SUB,80,75,80,84,60,65,,,,,,,81,68,54,83,74,84,82,80,71,84,81,79,85,78,79,82,49,77,66,82,52,66,78,79,72,78,,54,50,14,15,10,13,12
G. Xhaka,80,LCM,52,65,80,69,70,80,,,,,,,71,50,62,85,50,66,76,77,85,80,48,55,49,73,61,90,31,82,79,75,91,72,67,80,63,67,,71,68,7,8,11,7,13
CampaÃ±a,80,RCM,63,73,82,80,70,72,,,,,,,77,73,65,84,64,80,82,78,81,84,65,62,68,78,75,75,61,82,71,76,63,72,73,85,69,83,,71,62,8,11,6,7,10
N. Schulz,80,SUB,87,51,74,75,73,75,,,,,,,81,48,60,75,49,75,59,42,73,74,88,87,74,80,74,65,62,77,77,40,73,77,72,76,56,77,,74,76,13,9,15,7,14
B. Lecomte,80,GK,,,,,,,80,78,77,81,42,80,13,11,10,17,10,11,20,19,21,23,44,40,36,78,25,58,62,34,55,10,23,24,10,41,20,63,,11,12,80,78,77,80,81
J. Draxler,80,SUB,75,76,80,82,55,63,,,,,,,79,74,64,81,79,83,77,76,77,84,76,74,80,78,74,80,76,68,66,78,48,66,78,81,65,78,,64,44,11,13,5,13,8
Deulofeu,80,SUB,88,75,75,86,30,65,,,,,,,76,75,40,77,72,87,84,77,62,84,89,87,93,75,83,77,35,69,67,71,60,25,77,76,77,77,,30,22,12,16,14,11,11
J. Roussillon,80,LB,88,65,74,80,76,76,,,,,,,81,63,69,75,57,80,75,56,72,81,87,88,77,78,81,75,71,78,76,65,75,77,71,73,51,77,,76,77,9,7,13,8,15
J. Tarkowski,80,RCB,59,45,67,63,81,79,,,,,,,59,40,82,74,40,61,54,53,73,68,55,63,55,79,53,63,82,69,82,38,85,82,43,65,52,78,,82,79,14,8,12,9,7
IÃ±igo MartÃ­nez,80,LCB,71,56,64,62,81,80,,,,,,,51,42,71,72,37,53,72,51,83,71,69,72,67,78,63,81,91,72,80,74,86,85,48,50,39,69,,83,86,12,16,11,13,11
B. Davies,80,LB,73,58,75,75,78,74,,,,,,,78,58,66,79,48,75,72,48,70,78,73,73,68,78,68,65,74,83,69,52,76,79,64,75,54,74,,82,80,11,7,6,7,14
A. Plea,80,ST,73,83,77,79,39,74,,,,,,,78,85,73,79,79,79,83,74,68,80,76,70,79,81,78,84,71,77,75,82,70,39,83,80,65,77,,40,30,11,15,16,12,15
D. Berardi,80,RM,78,80,79,82,36,68,,,,,,,75,79,62,82,78,81,76,74,79,85,79,77,87,77,73,83,65,69,60,80,85,26,79,80,76,78,,30,30,5,6,5,5,6
K. Demirbay,80,LDM,65,74,80,84,64,70,,,,,,,72,74,46,82,59,85,85,81,80,85,68,62,79,84,78,77,71,77,67,77,69,71,78,82,70,84,,59,54,14,15,11,14,14
JoÃ£o MÃ¡rio,80,RES,69,69,80,83,64,67,,,,,,,76,64,55,84,69,84,74,67,79,85,71,68,80,73,77,76,62,77,65,72,60,72,73,82,66,82,,70,62,6,15,8,8,8
A. Robben,80,RM,74,82,78,86,30,57,,,,,,,76,80,48,80,83,88,88,80,72,88,75,74,79,74,86,82,53,51,66,85,44,35,85,77,78,86,,24,24,17,14,14,8,12
JoaquÃ­n,80,LM,69,79,83,80,44,57,,,,,,,84,81,63,83,68,83,86,77,82,81,67,71,68,83,70,80,31,51,64,78,55,35,82,84,75,81,,47,39,9,14,6,10,11
J. Milner,80,SUB,58,70,82,77,77,77,,,,,,,86,62,66,84,76,77,81,75,81,80,62,54,70,84,73,82,62,87,70,70,85,79,72,79,89,86,,80,79,12,9,10,8,6
Nani,80,LW,72,76,79,85,37,67,,,,,,,80,70,62,80,75,86,86,80,77,86,78,67,85,77,78,85,35,66,65,83,79,31,79,76,70,84,,22,20,5,10,13,6,6
I. Akinfeev,80,GK,,,,,,,77,72,78,84,50,82,19,13,18,23,10,15,19,13,22,22,51,50,53,71,45,59,62,35,72,13,24,17,11,59,10,67,,13,13,77,72,78,82,84
B. Gomis,80,ST,67,82,67,76,36,74,,,,,,,64,84,84,75,81,78,61,62,46,80,68,67,59,78,58,84,74,73,83,75,52,38,80,73,83,82,,32,35,14,11,9,9,13
F. Quagliarella,80,LS,64,85,75,80,30,63,,,,,,,66,84,69,79,85,79,78,77,73,84,62,65,70,83,76,87,67,62,71,87,44,26,87,77,85,80,,21,15,6,7,5,4,4
M. DembÃ©lÃ©,80,LCM,73,68,77,87,73,79,,,,,,,65,64,70,85,73,89,65,55,79,88,72,73,81,71,90,79,82,67,86,68,76,78,69,80,63,90,,73,68,16,14,11,16,14
Falcao,80,ST,64,80,69,76,43,69,,,,,,,55,83,84,79,80,73,81,72,60,81,66,62,75,82,75,78,85,60,71,75,73,41,87,67,81,82,,42,19,10,13,6,9,5
Miranda,80,CB,65,49,66,69,81,77,,,,,,,48,43,79,83,51,67,32,39,74,76,62,68,60,76,63,70,83,66,79,41,82,82,52,61,49,77,,81,80,12,6,10,13,12
J. Evans,80,RCB,57,32,61,54,82,75,,,,,,,52,28,78,74,46,42,34,37,65,71,55,58,46,81,57,42,80,64,78,24,79,82,30,57,44,78,,81,82,12,16,16,15,8
E. Lamela,80,SUB,75,78,80,83,55,71,,,,,,,78,76,67,81,77,85,84,81,76,83,74,75,77,78,78,81,56,67,68,80,87,53,79,81,75,79,,55,54,10,15,11,8,13
RaÃºl GarcÃ­a,80,ST,46,83,81,78,72,83,,,,,,,80,83,90,83,55,80,78,68,82,84,45,46,57,83,63,85,92,75,85,86,84,69,84,83,81,82,,74,63,14,16,14,16,15
D. Wass,80,RB,75,77,80,77,77,76,,,,,,,79,75,69,80,71,76,80,84,81,80,74,76,74,80,71,85,67,86,73,79,74,78,75,78,64,75,,78,77,11,9,10,13,13
S. Romero,80,SUB,,,,,,,78,76,81,83,45,79,11,14,12,45,17,12,12,13,48,40,47,44,55,81,44,61,63,35,75,11,33,21,11,55,16,62,,11,15,78,76,81,79,83
L. Piszczek,80,SUB,72,68,74,72,81,78,,,,,,,77,64,77,78,64,71,80,47,72,74,70,74,66,82,66,78,82,72,78,69,83,81,73,73,65,82,,81,80,14,11,14,6,12
Nacho Monreal,80,LB,67,61,72,74,80,68,,,,,,,76,55,72,77,58,73,74,52,70,77,68,67,70,82,71,74,74,67,64,61,77,81,72,66,61,76,,83,81,7,5,9,3,5
AdÃ¡n,80,GK,,,,,,,77,80,78,80,55,79,12,11,23,34,15,12,11,12,43,15,56,54,55,76,51,59,71,32,77,12,41,20,11,42,25,63,,14,18,77,80,78,79,80
B. IvanoviÄ‡,80,SUB,62,61,68,61,81,83,,,,,,,72,57,85,71,48,58,70,48,76,66,63,61,57,76,47,73,83,78,85,62,86,79,61,57,58,81,,82,82,15,9,13,11,13
S. KjÃ¦r,80,RCB,61,55,64,55,81,75,,,,,,,50,55,81,78,37,46,52,69,69,70,61,61,48,75,53,78,73,65,77,41,82,82,31,49,61,69,,82,78,6,10,13,10,15
Diego Costa,80,SUB,73,79,65,74,48,86,,,,,,,65,82,83,65,80,75,65,59,52,79,71,75,57,80,53,82,69,73,92,72,93,40,80,74,75,83,,39,30,11,13,12,8,11
David Luiz,80,CB,60,65,74,71,79,77,,,,,,,68,55,80,77,63,68,70,72,80,79,59,61,66,76,56,81,77,68,78,72,85,80,54,71,75,75,,81,79,11,12,10,7,14
S. Giovinco,80,CAM,80,77,78,86,27,56,,,,,,,73,76,34,78,75,85,89,91,74,85,84,76,93,78,93,79,34,75,42,78,75,26,80,78,73,82,,29,28,6,3,6,3,3
A. SÃ¡nchez,80,SUB,79,78,77,85,44,70,,,,,,,77,76,68,76,83,85,79,78,74,84,81,77,86,79,87,81,85,68,68,77,76,46,82,79,74,77,,44,35,10,10,15,12,13
Giuliano,80,CAM,79,76,77,81,46,75,,,,,,,75,76,59,80,65,80,67,71,77,82,82,76,85,81,85,76,61,82,74,75,72,42,81,80,79,82,,43,38,16,11,13,9,8
Luiz Gustavo,80,RCB,57,60,69,69,78,82,,,,,,,63,48,72,75,54,68,42,64,76,73,61,53,62,80,62,78,77,85,81,73,84,81,53,69,58,84,,79,82,10,6,11,12,13
L. Stindl,80,CAM,59,82,78,79,59,72,,,,,,,74,80,64,82,85,78,77,69,72,83,64,54,68,84,79,84,72,75,69,82,74,60,84,84,83,83,,61,50,7,10,13,11,12
N. Nkoulou,80,RCB,70,44,64,70,82,73,,,,,,,60,33,77,72,64,68,37,28,70,72,69,70,65,78,73,58,83,61,76,46,79,83,54,63,50,78,,83,78,6,7,6,15,7
G. Bonaventura,80,RCM,72,77,82,82,72,67,,,,,,,82,70,70,84,78,83,78,78,80,85,72,72,74,78,77,84,68,76,61,86,68,72,78,80,68,80,,72,68,10,14,7,15,14
F. Coquelin,80,LCM,71,67,76,80,79,81,,,,,,,69,64,63,82,53,80,68,41,80,80,71,71,79,82,80,75,81,80,78,71,88,83,76,80,52,78,,82,81,9,9,8,10,15
Hulk,80,LW,80,82,77,81,46,86,,,,,,,75,79,71,78,73,85,78,81,74,77,83,78,70,80,91,94,74,85,89,82,83,48,81,78,78,76,,41,36,6,10,7,11,12
Pedro,80,SUB,73,76,76,81,43,50,,,,,,,78,75,55,79,70,82,81,57,71,81,78,69,81,79,82,77,66,62,40,78,58,49,79,77,66,77,,32,31,5,11,12,15,9
Guaita,80,GK,,,,,,,81,80,77,82,52,78,35,11,20,39,13,16,32,20,33,24,51,52,63,74,48,58,68,41,62,15,24,27,13,52,29,62,,15,17,81,80,77,78,82
L. de Jong,80,ST,55,78,70,69,50,76,,,,,,,66,80,93,78,84,66,63,69,62,77,54,55,57,81,60,84,84,76,84,69,54,40,85,69,67,76,,43,37,16,10,8,8,11
A. LjajiÄ‡,80,LCM,78,75,80,84,37,61,,,,,,,82,70,48,80,74,85,80,85,77,86,81,76,81,74,81,82,63,72,59,81,54,32,73,80,75,78,,35,35,6,14,7,6,12
Illarramendi,80,SUB,52,71,78,78,77,69,,,,,,,68,72,51,81,58,78,76,68,80,80,61,45,69,82,73,69,62,69,68,76,75,82,77,83,50,79,,80,79,15,7,11,14,12
B. AndrÃ©,80,RCM,68,64,74,75,79,84,,,,,,,72,61,79,78,56,75,68,46,77,76,66,70,72,79,72,69,91,92,78,65,85,81,70,75,66,76,,83,76,8,14,15,7,10
N. MatiÄ‡,80,LDM,44,68,76,73,80,77,,,,,,,70,59,74,82,73,78,70,67,82,78,42,45,43,79,47,84,65,66,84,72,77,81,69,71,64,82,,82,74,7,15,12,14,9
Ricardo Goulart,80,RW,81,78,77,79,41,70,,,,,,,73,77,78,81,77,78,70,72,74,83,80,81,72,76,81,78,75,75,70,79,61,33,83,77,76,78,,41,34,9,14,8,8,7
Escudero,80,LB,72,63,75,72,79,71,,,,,,,79,56,71,78,51,68,69,69,77,77,68,75,71,78,73,81,72,75,68,63,75,81,67,66,66,69,,78,80,9,15,7,13,14
Mario Gaspar,80,RB,75,70,71,72,79,77,,,,,,,78,68,65,76,74,73,73,54,69,74,73,77,67,78,60,80,73,78,75,69,80,78,64,62,50,69,,81,82,9,12,8,9,15
H. Mkhitaryan,80,RF,78,75,78,83,56,64,,,,,,,78,73,64,80,77,83,82,66,73,83,79,77,80,79,83,83,66,74,57,72,69,60,81,82,72,78,,53,55,5,11,14,5,7
AndrÃ© Almeida,80,RB,66,63,76,75,80,81,,,,,,,80,58,74,80,54,75,78,42,75,79,63,68,66,76,60,76,77,87,78,67,81,78,70,72,43,77,,82,79,14,6,7,12,8
Willian JosÃ©,80,SUB,67,80,67,74,40,82,,,,,,,54,82,84,78,74,76,68,60,50,79,64,70,65,82,37,84,79,70,92,75,75,35,83,76,76,78,,32,30,15,14,16,15,8
D. Ings,80,RS,76,81,67,78,32,69,,,,,,,64,85,79,74,74,79,57,36,61,78,78,74,76,82,77,79,79,70,68,78,67,39,83,70,79,76,,24,27,10,13,12,16,6
E. PÃ©rez,80,CDM,68,69,77,77,77,79,,,,,,,68,64,65,85,65,77,69,63,77,79,69,67,77,78,69,77,73,77,77,71,89,77,73,79,75,79,,79,80,9,11,7,15,13
G. Krychowiak,80,RDM,68,76,72,71,76,81,,,,,,,63,72,75,79,74,70,52,62,81,79,67,69,59,81,53,82,74,78,83,78,80,77,72,69,78,80,,77,72,15,14,8,6,7
S. Aurier,80,SUB,76,60,73,76,77,77,,,,,,,81,55,75,77,61,76,69,30,69,79,77,76,70,78,76,71,92,76,73,55,86,77,70,71,64,75,,79,82,7,10,15,16,9
Bartra,80,LCB,72,61,72,73,80,74,,,,,,,57,55,78,79,43,70,66,51,79,78,73,72,71,82,73,73,88,69,73,68,77,83,61,75,52,76,,81,80,10,15,13,12,8
C. Bakambu,80,LS,90,80,72,77,36,77,,,,,,,74,84,73,75,78,77,72,54,66,75,91,90,83,81,72,80,84,80,76,74,72,39,84,73,71,75,,29,21,6,13,6,14,6
Nacho FernÃ¡ndez,80,SUB,78,37,66,66,80,80,,,,,,,70,32,78,78,38,59,55,37,61,76,72,83,60,75,73,54,82,81,79,28,80,79,37,53,45,73,,83,82,12,7,10,15,7
W. Boly,80,RCB,62,36,64,64,80,83,,,,,,,50,32,80,77,23,63,46,35,74,70,54,69,54,74,47,52,80,67,93,23,77,78,45,61,56,80,,83,79,7,8,15,10,9
P. KadeÅ™Ã¡bek,80,RWB,74,43,74,75,74,81,,,,,,,86,28,75,77,57,76,57,52,69,77,78,70,66,82,66,66,83,86,79,41,78,70,72,72,54,78,,77,75,10,11,14,13,7
D. SuÃ¡rez,80,RB,75,69,74,75,78,79,,,,,,,81,64,71,78,59,74,74,70,72,76,74,76,74,76,75,83,80,79,74,71,89,79,63,62,67,74,,79,81,16,9,9,15,7
S. Vrsaljko,80,SUB,78,55,73,75,78,76,,,,,,,81,44,73,76,53,74,70,57,70,79,77,79,66,75,72,75,84,84,72,58,75,79,65,68,52,67,,80,77,15,11,10,10,12
William Carvalho,80,CDM,43,57,76,69,75,85,,,,,,,68,52,71,81,50,72,80,50,80,74,41,44,49,76,47,71,70,81,91,55,78,77,63,80,60,86,,73,72,6,6,5,14,14
Lucas VÃ¡zquez,80,SUB,81,73,78,81,58,69,,,,,,,80,72,56,78,58,81,82,71,75,80,83,79,80,81,82,80,68,91,57,76,72,61,80,78,56,75,,57,56,9,16,9,9,7
